address,city,state,zip_code,price,bedrooms,bathrooms,square_feet,listing_date,latitude,longitude,url,walkscore,transit_score,bike_score,walkscore_error,median_income,population,white_pop,black_pop,asian_pop,hispanic_pop,competition_density,population_density_proxy,diversity_index,affordability_index,price_per_sqft,affordability_ratio,rent_premium
1244 N Bosworth Ave #2A,Chicago,IL,60642,3695.0,3.0,3.0,1500.0,1970-01-01,41.904743,-87.66659,https://www.zillow.com/homedetails/2062786059_zpid/,99.0,76.0,97.0,,131201.0,21374.0,15076.0,2067.0,1595.0,3406.0,3,7124.666666666667,0.4621773703945162,35.50771312584574,2.4633333333333334,0.3379547411986189,1072.5
1555 N Mohawk St UNIT A4,Chicago,IL,60610,1950.0,1.0,1.0,700.0,1970-01-01,41.910915,-87.64222,https://www.zillow.com/homedetails/2057111847_zpid/,93.0,85.0,90.0,,99246.0,42422.0,30940.0,5110.0,4019.0,2109.0,1,42422.0,0.442108585263204,50.89538461538461,2.7857142857142856,0.23577776434314734,-672.5
1343 N Western Ave #3,Chicago,IL,60622,3550.0,3.0,2.0,1600.0,1970-01-01,41.90616,-87.68672,https://www.zillow.com/homedetails/2077672712_zpid/,91.0,72.0,93.0,,110694.0,54650.0,41086.0,3868.0,2794.0,11270.0,6,9108.333333333334,0.3846426336103742,31.181408450704225,2.21875,0.38484470703019136,927.5
749 E 73rd St #2W,Chicago,IL,60619,1500.0,3.0,1.0,1200.0,1970-01-01,41.762047,-87.60606,https://www.zillow.com/homedetails/2078297029_zpid/,79.0,68.0,66.0,,43329.0,63481.0,809.0,60318.0,169.0,1043.0,3,21160.33333333333,0.0967297960390316,28.886,1.25,0.41542615800041544,-1122.5
2615 E 74th Pl,Chicago,IL,60649,2300.0,3.0,3.0,2200.0,1970-01-01,41.75999,-87.560074,https://www.zillow.com/homedetails/4025732_zpid/,77.0,68.0,60.0,,38026.0,48973.0,1900.0,45585.0,294.0,1409.0,2,24486.5,0.131206940822806,16.53304347826087,1.0454545454545454,0.7258191763530216,-322.5
964 E 62nd St #1,Chicago,IL,60637,1350.0,1.0,2.0,700.0,1970-01-01,41.782585,-87.601814,https://www.zillow.com/homedetails/2096872669_zpid/,78.0,75.0,70.0,,31720.0,49514.0,8031.0,36606.0,2505.0,1377.0,3,16504.666666666668,0.4237858972286115,23.496296296296297,1.9285714285714286,0.510718789407314,-1272.5
8034 S Marshfield Ave FLOOR 3,Chicago,IL,60620,1450.0,2.0,1.0,1200.0,1970-01-01,41.747444,-87.664925,https://www.zillow.com/homedetails/456244868_zpid/,79.0,62.0,60.0,,40117.0,69357.0,1157.0,65720.0,230.0,1937.0,5,13871.4,0.1010585799589965,27.66689655172414,1.2083333333333333,0.4337313358426602,-1172.5
1533 S Spaulding Ave #1,Chicago,IL,60623,1600.0,3.0,1.0,1200.0,1970-01-01,41.85988,-87.707565,https://www.zillow.com/homedetails/2099155031_zpid/,75.0,65.0,77.0,,35890.0,77352.0,22889.0,22680.0,288.0,51574.0,3,25784.0,0.3819080739065081,22.43125,1.3333333333333333,0.53496795764837,-1022.5
805 N Wabash Ave #42-2E,Chicago,IL,60611,2495.0,1.0,1.0,729.0,1970-01-01,41.896973,-87.62668,https://www.zillow.com/homedetails/456244694_zpid/,100.0,94.0,84.0,,117344.0,34562.0,24162.0,1077.0,7172.0,2232.0,1,34562.0,0.4630686622365171,47.03166332665331,3.422496570644719,0.25514725934006,-127.5
4303 N Paulina St #1,Chicago,IL,60613,3100.0,3.0,3.0,,1970-01-01,41.959965,-87.67034,https://www.zillow.com/homedetails/2069350964_zpid/,87.0,74.0,94.0,,88267.0,53282.0,41222.0,3146.0,4651.0,6124.0,3,17760.666666666668,0.3771386003518082,28.47322580645161,,0.421448559484292,477.5
7255 N Bell Ave #3,Chicago,IL,60645,2250.0,3.0,2.0,1300.0,1970-01-01,42.01386,-87.68588,https://www.zillow.com/homedetails/2105561222_zpid/,82.0,69.0,69.0,,63488.0,48585.0,24841.0,7477.0,7328.0,10050.0,2,24292.5,0.6493615277147218,28.21688888888889,1.7307692307692308,0.4252772177419355,-372.5
1763 N Wells St APT 3R,Chicago,IL,60614,1750.0,1.0,1.0,,1970-01-01,41.914726,-87.63448,https://www.zillow.com/homedetails/2057465633_zpid/,97.0,81.0,95.0,,123610.0,72119.0,59962.0,2863.0,5165.0,4411.0,4,18029.75,0.2982759109000082,70.63428571428571,,0.16988916754307903,-872.5
2046 W Charleston St APT 1R,Chicago,IL,60647,1795.0,1.0,1.0,,1970-01-01,41.92021,-87.67951,https://www.zillow.com/homedetails/2097105463_zpid/,87.0,73.0,94.0,,89974.0,85564.0,58385.0,5701.0,3658.0,32028.0,10,8556.4,0.3880122740500696,50.124791086350974,,0.2394024940538378,-827.5
7619 N Bosworth Ave #1,Chicago,IL,60626,1849.0,1.0,1.0,790.0,1970-01-01,42.02,-87.669136,https://www.zillow.com/homedetails/62007279_zpid/,89.0,79.0,85.0,,51562.0,50295.0,26094.0,12922.0,2753.0,9694.0,3,16765.0,0.6246709223217969,27.886425094645755,2.340506329113924,0.4303169000426671,-773.5
8048 S Marshfield Ave #2,Chicago,IL,60620,2200.0,3.0,2.0,1400.0,1970-01-01,41.747078,-87.664925,https://www.zillow.com/homedetails/450324797_zpid/,77.0,61.0,61.0,,40117.0,69357.0,1157.0,65720.0,230.0,1937.0,5,13871.4,0.1010585799589965,18.235,1.5714285714285714,0.6580751302440362,-422.5
2242 N Western Ave #2F,Chicago,IL,60647,2350.0,2.0,1.0,800.0,1970-01-01,41.922913,-87.687965,https://www.zillow.com/homedetails/2078223145_zpid/,91.0,72.0,88.0,,89974.0,85564.0,58385.0,5701.0,3658.0,32028.0,10,8556.4,0.3880122740500696,38.286808510638295,2.9375,0.3134238780092027,-272.5
2036 W Foster Ave #5C,Chicago,IL,60625,1450.0,1.0,1.0,,1970-01-01,41.97628,-87.6809,https://www.zillow.com/homedetails/456243161_zpid/,91.0,65.0,73.0,,76088.0,80028.0,46060.0,3951.0,10277.0,25898.0,3,26676.0,0.5450908149683973,52.47448275862069,,0.22868257806750078,-1172.5
2242 N Western Ave #1R,Chicago,IL,60647,2400.0,2.0,1.0,800.0,1970-01-01,41.922928,-87.687935,https://www.zillow.com/homedetails/2089696141_zpid/,91.0,72.0,88.0,,89974.0,85564.0,58385.0,5701.0,3658.0,32028.0,10,8556.4,0.3880122740500696,37.48916666666667,3.0,0.3200924711583346,-222.5
2801 W Ardmore Ave APT 2A,Chicago,IL,60659,2700.0,3.0,2.0,1540.0,1970-01-01,41.986748,-87.69746,https://www.zillow.com/homedetails/2098626632_zpid/,85.0,55.0,81.0,,57077.0,43729.0,21319.0,3786.0,11689.0,10484.0,3,14576.333333333334,0.6258911116537121,21.13962962962963,1.7532467532467533,0.5676542214902676,77.5
2642 N Milwaukee Ave #3,Chicago,IL,60647,2095.0,2.0,1.0,1000.0,1970-01-01,41.929623,-87.70876,https://www.zillow.com/homedetails/2113437279_zpid/,96.0,74.0,98.0,,89974.0,85564.0,58385.0,5701.0,3658.0,32028.0,10,8556.4,0.3880122740500696,42.94701670644391,2.095,0.2794140529486296,-527.5
3705 N Kedzie Ave APT 403,Chicago,IL,60618,2500.0,2.0,2.0,1250.0,1970-01-01,41.948692,-87.70753,https://www.zillow.com/homedetails/2106441870_zpid/,90.0,67.0,80.0,,91650.0,95078.0,62235.0,2661.0,6151.0,36407.0,7,13582.57142857143,0.4199467393204773,36.66,2.0,0.32733224222585927,-122.5
1430 W Walton St #2R,Chicago,IL,60642,1450.0,1.0,1.0,700.0,1970-01-01,41.89887,-87.66344,https://www.zillow.com/homedetails/2079187769_zpid/,95.0,75.0,98.0,,131201.0,21374.0,15076.0,2067.0,1595.0,3406.0,3,7124.666666666667,0.4621773703945162,90.48344827586207,2.0714285714285716,0.13262094038917385,-1172.5
1626 S Allport St #7,Chicago,IL,60608,1900.0,1.0,1.0,1600.0,1970-01-01,41.858936,-87.658035,https://www.zillow.com/homedetails/456242943_zpid/,96.0,68.0,99.0,,61490.0,83689.0,31441.0,14439.0,11599.0,39476.0,2,41844.5,0.5873822102503404,32.363157894736844,1.1875,0.37079199869897544,-722.5
2319 N Kedzie Ave #2,Chicago,IL,60623,2195.0,2.0,1.0,1000.0,1970-01-01,41.923527,-87.706604,https://www.zillow.com/homedetails/456242874_zpid/,92.0,71.0,99.0,,35890.0,77352.0,22889.0,22680.0,288.0,51574.0,3,25784.0,0.3819080739065081,16.350797266514807,2.195,0.7339091668988577,-427.5
3216 W Berteau Ave #2,Chicago,IL,60618,1700.0,1.0,1.0,844.0,1970-01-01,41.957726,-87.70899,https://www.zillow.com/homedetails/63693033_zpid/,90.0,62.0,72.0,,91650.0,95078.0,62235.0,2661.0,6151.0,36407.0,7,13582.57142857143,0.4199467393204773,53.91176470588236,2.014218009478673,0.2225859247135843,-922.5
5632 S Peoria St #2,Chicago,IL,60621,2000.0,3.0,1.0,,1970-01-01,41.791447,-87.647865,https://www.zillow.com/homedetails/456242802_zpid/,64.0,60.0,65.0,,24912.0,26538.0,945.0,24709.0,144.0,959.0,2,13269.0,0.1304867671457128,12.456,,0.9633911368015414,-622.5
5420 W Sunnyside Ave #2,Chicago,IL,60630,1725.0,1.0,1.0,905.0,1970-01-01,41.96272,-87.763245,https://www.zillow.com/homedetails/456242734_zpid/,84.0,74.0,73.0,,84220.0,55591.0,36646.0,1188.0,7239.0,14180.0,1,55591.0,0.4829675012793439,48.823188405797104,1.9060773480662982,0.2457848492044645,-897.5
2506 N Laramie Ave #2F,Chicago,IL,60639,2100.0,2.0,1.0,,1970-01-01,41.92625,-87.756584,https://www.zillow.com/homedetails/456242706_zpid/,87.0,60.0,68.0,,53197.0,89037.0,34865.0,12769.0,1879.0,66456.0,1,89037.0,0.2685610522976249,25.331904761904763,,0.4737109235483204,-522.5
1846 W School St #CH,Chicago,IL,60657,2975.0,2.0,3.0,1800.0,1970-01-01,41.941692,-87.675835,https://www.zillow.com/homedetails/2063342495_zpid/,91.0,68.0,84.0,,98457.0,72113.0,59259.0,2683.0,4833.0,6393.0,2,36056.5,0.3109885194442896,33.09478991596639,1.6527777777777777,0.36259483835583045,352.5
2325 N Kedzie Blvd,Chicago,IL,60647,3495.0,3.0,1.0,1300.0,1970-01-01,41.92366,-87.706604,https://www.zillow.com/homedetails/2132329676_zpid/,92.0,71.0,99.0,,89974.0,85564.0,58385.0,5701.0,3658.0,32028.0,10,8556.4,0.3880122740500696,25.743633762517884,2.6884615384615387,0.4661346611243248,872.5
8416 S Cottage Grove Ave #8334-2N,Chicago,IL,60619,1039.0,1.0,1.0,650.0,1970-01-01,41.74171,-87.60532,https://www.zillow.com/homedetails/450251207_zpid/,89.0,59.0,56.0,,43329.0,63481.0,809.0,60318.0,169.0,1043.0,3,21160.33333333333,0.0967297960390316,41.70259865255053,1.5984615384615384,0.28775185210828774,-1583.5
520 S State St #1013,Chicago,IL,60605,2500.0,1.0,1.0,905.0,1970-01-01,41.875412,-87.62771,https://www.zillow.com/homedetails/101221703_zpid/,99.0,100.0,85.0,,112162.0,32077.0,20129.0,4620.0,4942.0,2841.0,3,10692.333333333334,0.5538919720082435,44.8648,2.7624309392265194,0.26747026622207165,-122.5
2333 W Chicago Ave #3,Chicago,IL,60612,2450.0,2.0,1.0,1200.0,1970-01-01,41.89555,-87.68573,https://www.zillow.com/homedetails/2078452152_zpid/,95.0,68.0,90.0,,52126.0,33908.0,9611.0,18830.0,1578.0,5119.0,2,16954.0,0.5863157671823871,21.27591836734694,2.0416666666666665,0.5640179564900434,-172.5
2023 N Kenmore Ave APT 2F,Chicago,IL,60614,1850.0,2.0,1.0,850.0,1970-01-01,41.918823,-87.65424,https://www.zillow.com/homedetails/2112003047_zpid/,95.0,79.0,87.0,,123610.0,72119.0,59962.0,2863.0,5165.0,4411.0,4,18029.75,0.2982759109000082,66.81621621621622,2.176470588235294,0.17959711997411212,-772.5
2318 W Thomas St APT 3R,Chicago,IL,60622,2300.0,1.0,1.0,606.0,1970-01-01,41.90149,-87.68539,https://www.zillow.com/homedetails/2081472745_zpid/,92.0,71.0,95.0,,110694.0,54650.0,41086.0,3868.0,2794.0,11270.0,6,9108.333333333334,0.3846426336103742,48.12782608695653,3.7953795379537953,0.24933600737167327,-322.5
1109 W 110th Pl,Chicago,IL,60643,1950.0,3.0,1.0,1100.0,1970-01-01,41.69307,-87.65095,https://www.zillow.com/homedetails/4145375_zpid/,61.0,52.0,70.0,,73285.0,49796.0,11241.0,35640.0,292.0,1817.0,2,24898.0,0.4354198506079597,37.58205128205128,1.7727272727272727,0.31930135771303814,-672.5
5351 N California Ave #2,Chicago,IL,60625,1790.0,2.0,1.0,1200.0,1970-01-01,41.979153,-87.69868,https://www.zillow.com/homedetails/3641824_zpid/,75.0,61.0,82.0,,76088.0,80028.0,46060.0,3951.0,10277.0,25898.0,3,26676.0,0.5450908149683973,42.5072625698324,1.4916666666666667,0.2823046998212596,-832.5
1136 W Wellington Ave #1,Chicago,IL,60657,2300.0,2.0,1.0,800.0,1970-01-01,41.936493,-87.65789,https://www.zillow.com/homedetails/2092929912_zpid/,88.0,83.0,86.0,,98457.0,72113.0,59259.0,2683.0,4833.0,6393.0,2,36056.5,0.3109885194442896,42.807391304347824,2.875,0.28032542124988574,-322.5
1311 W Ohio St APT 2,Chicago,IL,60642,2100.0,1.0,1.0,,1970-01-01,41.892246,-87.66003,https://www.zillow.com/homedetails/450863210_zpid/,93.0,78.0,98.0,,131201.0,21374.0,15076.0,2067.0,1595.0,3406.0,3,7124.666666666667,0.4621773703945162,62.47666666666667,,0.19207170677052765,-522.5
3905 W Schubert Ave #1,Chicago,IL,60647,2295.0,3.0,1.0,,1970-01-01,41.929745,-87.72471,https://www.zillow.com/homedetails/456241104_zpid/,68.0,67.0,80.0,,89974.0,85564.0,58385.0,5701.0,3658.0,32028.0,10,8556.4,0.3880122740500696,39.20435729847495,,0.30608842554515747,-327.5
4323 N Damen Ave #1,Chicago,IL,60618,1950.0,2.0,1.0,1250.0,1970-01-01,41.960373,-87.67851,https://www.zillow.com/homedetails/2126744400_zpid/,96.0,70.0,93.0,,91650.0,95078.0,62235.0,2661.0,6151.0,36407.0,7,13582.57142857143,0.4199467393204773,47.0,1.56,0.2553191489361702,-672.5
1461 W 114th Pl,Chicago,IL,60643,1375.0,1.0,1.0,1000.0,1970-01-01,41.685417,-87.659096,https://www.zillow.com/homedetails/4149986_zpid/,66.0,53.0,59.0,,73285.0,49796.0,11241.0,35640.0,292.0,1817.0,2,24898.0,0.4354198506079597,53.29818181818182,1.375,0.22514839325919356,-1247.5
1920 N Winchester Ave FL 1ST,Chicago,IL,60622,2950.0,3.0,2.0,1900.0,1970-01-01,41.9166,-87.676735,https://www.zillow.com/homedetails/2088469564_zpid/,95.0,75.0,93.0,,110694.0,54650.0,41086.0,3868.0,2794.0,11270.0,6,9108.333333333334,0.3846426336103742,37.52338983050848,1.5526315789473684,0.3198005311941027,327.5
1635 W Sunnyside Ave #3E,Chicago,IL,60640,1570.0,1.0,1.0,,1970-01-01,41.963417,-87.67028,https://www.zillow.com/homedetails/2058950686_zpid/,91.0,77.0,92.0,,63660.0,67936.0,42298.0,11640.0,7319.0,9246.0,3,22645.33333333333,0.5528640309243285,40.54777070063695,,0.29594721960414705,-1052.5
2324 W Shakespeare Ave,Chicago,IL,60647,2000.0,1.0,1.0,1000.0,1970-01-01,41.920853,-87.68613,https://www.zillow.com/homedetails/2062942713_zpid/,92.0,73.0,96.0,,89974.0,85564.0,58385.0,5701.0,3658.0,32028.0,10,8556.4,0.3880122740500696,44.987,2.0,0.26674372596527884,-622.5
2856 W Rosemont Ave APT 2,Chicago,IL,60659,1645.0,2.0,1.0,,1970-01-01,41.99576,-87.701454,https://www.zillow.com/homedetails/2146035889_zpid/,82.0,58.0,79.0,,57077.0,43729.0,21319.0,3786.0,11689.0,10484.0,3,14576.333333333334,0.6258911116537121,34.69726443768997,,0.3458485905005519,-977.5
1013 N Marshfield Ave #2F,Chicago,IL,60622,2750.0,2.0,2.0,1200.0,1970-01-01,41.900135,-87.66828,https://www.zillow.com/homedetails/2077864993_zpid/,97.0,77.0,95.0,,110694.0,54650.0,41086.0,3868.0,2794.0,11270.0,6,9108.333333333334,0.3846426336103742,40.25236363636364,2.2916666666666665,0.2981191392487398,127.5
4011 S Calumet Ave APT 1,Chicago,IL,60653,1600.0,2.0,1.0,1000.0,1970-01-01,41.821617,-87.618195,https://www.zillow.com/homedetails/448198175_zpid/,77.0,68.0,73.0,,34564.0,34519.0,2445.0,29777.0,454.0,1593.0,1,34519.0,0.248556097649427,21.6025,1.6,0.5554912625853489,-1022.5
1435 W 78th St #1,Chicago,IL,60620,1350.0,2.0,1.0,1000.0,1970-01-01,41.75221,-87.660034,https://www.zillow.com/homedetails/2060786537_zpid/,77.0,63.0,61.0,,40117.0,69357.0,1157.0,65720.0,230.0,1937.0,5,13871.4,0.1010585799589965,29.716296296296296,1.35,0.40381882992247675,-1272.5
2867 N Milwaukee Ave APT 2,Chicago,IL,60618,1700.0,2.0,1.0,700.0,1970-01-01,41.93363,-87.714325,https://www.zillow.com/homedetails/2094439477_zpid/,94.0,74.0,95.0,,91650.0,95078.0,62235.0,2661.0,6151.0,36407.0,7,13582.57142857143,0.4199467393204773,53.91176470588236,2.4285714285714284,0.2225859247135843,-922.5
3128 W Walton St UNIT 1,Chicago,IL,60622,2350.0,2.0,2.0,1400.0,1970-01-01,41.89855,-87.7054,https://www.zillow.com/homedetails/2113692508_zpid/,87.0,67.0,86.0,,110694.0,54650.0,41086.0,3868.0,2794.0,11270.0,6,9108.333333333334,0.3846426336103742,47.10382978723404,1.6785714285714286,0.254756355358014,-272.5
5820 W Berteau Ave #4,Chicago,IL,60634,1970.0,3.0,1.0,950.0,1970-01-01,41.956894,-87.772896,https://www.zillow.com/homedetails/2057732687_zpid/,78.0,57.0,52.0,,75878.0,77520.0,51440.0,2372.0,4322.0,31680.0,2,38760.0,0.3886190979976803,38.51675126903553,2.0736842105263156,0.31155275573947655,-652.5
2050 E 72nd Pl #2060-1,Chicago,IL,60649,1320.0,2.0,1.0,801.0,1970-01-01,41.76372,-87.57419,https://www.zillow.com/homedetails/2056114838_zpid/,87.0,70.0,58.0,,38026.0,48973.0,1900.0,45585.0,294.0,1409.0,2,24486.5,0.131206940822806,28.80757575757576,1.647940074906367,0.4165570925156472,-1302.5
4641 W Jackson Blvd #2N,Chicago,IL,60644,1270.0,2.0,1.0,741.0,1970-01-01,41.876606,-87.74192,https://www.zillow.com/homedetails/2055699157_zpid/,65.0,75.0,53.0,,31816.0,47630.0,2670.0,40708.0,332.0,4335.0,2,23815.0,0.2580622082996914,25.051968503937008,1.7139001349527665,0.47900427457882827,-1352.5
1307 S Wabash Ave APT 201,Chicago,IL,60605,2700.0,2.0,2.0,1200.0,1970-01-01,41.86543,-87.6252,https://www.zillow.com/homedetails/62014781_zpid/,95.0,98.0,93.0,,112162.0,32077.0,20129.0,4620.0,4942.0,2841.0,3,10692.333333333334,0.5538919720082435,41.54148148148148,2.25,0.2888678875198374,77.5
5319 S Harper Ave APT 1,Chicago,IL,60615,2800.0,3.0,2.0,1407.0,1970-01-01,41.798824,-87.58863,https://www.zillow.com/homedetails/80820343_zpid/,96.0,66.0,97.0,,51179.0,41767.0,12933.0,22360.0,3524.0,2205.0,1,41767.0,0.6076127030258431,18.278214285714284,1.9900497512437811,0.6565192754840853,177.5
3655 N Troy St #2,Chicago,IL,60618,2400.0,2.0,1.0,1200.0,1970-01-01,41.94831,-87.70629,https://www.zillow.com/homedetails/456238235_zpid/,86.0,66.0,80.0,,91650.0,95078.0,62235.0,2661.0,6151.0,36407.0,7,13582.57142857143,0.4199467393204773,38.1875,2.0,0.3142389525368249,-222.5
6400 N Northwest Hwy APT 305,Chicago,IL,60631,2550.0,2.0,2.0,1691.0,1970-01-01,41.996765,-87.807076,https://www.zillow.com/homedetails/87696673_zpid/,71.0,43.0,67.0,,103588.0,30589.0,25605.0,401.0,1262.0,4491.0,2,15294.5,0.2758918225811131,40.62274509803922,1.5079834417504436,0.29540101170019695,-72.5
2320 W Garfield Blvd APT 204,Chicago,IL,60609,1760.0,2.0,1.0,,1970-01-01,41.794117,-87.68205,https://www.zillow.com/homedetails/456238028_zpid/,63.0,59.0,62.0,,43048.0,61861.0,21452.0,14914.0,3938.0,33408.0,1,61861.0,0.525915669684189,24.45909090909091,,0.4906151272997584,-862.5
1724 W Jonquil Ter APT 1B,Chicago,IL,60626,1200.0,1.0,1.0,,1970-01-01,42.02133,-87.674034,https://www.zillow.com/homedetails/2116182775_zpid/,89.0,80.0,89.0,,51562.0,50295.0,26094.0,12922.0,2753.0,9694.0,3,16765.0,0.6246709223217969,42.96833333333333,,0.2792754353981614,-1422.5
11006 S Union Ave,Chicago,IL,60628,1800.0,2.0,1.0,,1970-01-01,41.693916,-87.64035,https://www.zillow.com/homedetails/4142681_zpid/,70.0,51.0,60.0,,46665.0,64489.0,2467.0,59680.0,87.0,2775.0,2,32244.5,0.1402640359822391,25.925,,0.46287367405978785,-822.5
6427 S Drexel Ave #2,Chicago,IL,60637,1860.0,3.0,1.0,1150.0,1970-01-01,41.777786,-87.60246,https://www.zillow.com/homedetails/456237974_zpid/,77.0,76.0,75.0,,31720.0,49514.0,8031.0,36606.0,2505.0,1377.0,3,16504.666666666668,0.4237858972286115,17.053763440860216,1.617391304347826,0.7036569987389659,-762.5
6109 S Normal Blvd,Chicago,IL,60621,1350.0,2.0,1.0,,1970-01-01,41.783146,-87.63734,https://www.zillow.com/homedetails/2060683173_zpid/,63.0,73.0,54.0,,24912.0,26538.0,945.0,24709.0,144.0,959.0,2,13269.0,0.1304867671457128,18.453333333333333,,0.6502890173410405,-1272.5
8058 S Hermitage Ave #G,Chicago,IL,60620,1200.0,2.0,1.0,,1970-01-01,41.74683,-87.667366,https://www.zillow.com/homedetails/456237915_zpid/,72.0,61.0,61.0,,40117.0,69357.0,1157.0,65720.0,230.0,1937.0,5,13871.4,0.1010585799589965,33.43083333333333,,0.35895007104220156,-1422.5
4641 N Ashland Ave #308,Chicago,IL,60640,2275.0,1.0,1.0,737.0,1970-01-01,41.966488,-87.66884,https://www.zillow.com/homedetails/386223723_zpid/,94.0,79.0,91.0,,63660.0,67936.0,42298.0,11640.0,7319.0,9246.0,3,22645.33333333333,0.5528640309243285,27.982417582417582,3.0868385345997287,0.4288407163053723,-347.5
1131 E 79th Pl #1W,Chicago,IL,60619,1355.0,2.0,1.0,,1970-01-01,41.750263,-87.59637,https://www.zillow.com/homedetails/2071663024_zpid/,80.0,65.0,55.0,,43329.0,63481.0,809.0,60318.0,169.0,1043.0,3,21160.33333333333,0.0967297960390316,31.97712177121771,,0.37526829606037526,-1267.5
5716 W Washington Blvd #WW-206,Chicago,IL,60644,1425.0,3.0,1.0,1375.0,1970-01-01,41.882317,-87.769196,https://www.zillow.com/homedetails/456237840_zpid/,75.0,71.0,57.0,,31816.0,47630.0,2670.0,40708.0,332.0,4335.0,2,23815.0,0.2580622082996914,22.32701754385965,1.0363636363636364,0.5374654262006537,-1197.5
2356 S Drake Ave #2,Chicago,IL,60623,1495.0,3.0,1.0,1000.0,1970-01-01,41.848057,-87.71368,https://www.zillow.com/homedetails/2061256704_zpid/,85.0,67.0,80.0,,35890.0,77352.0,22889.0,22680.0,288.0,51574.0,3,25784.0,0.3819080739065081,24.006688963210703,1.495,0.49986068542769574,-1127.5
4911-17 N Whipple St #4913-2A,Chicago,IL,60625,1325.0,1.0,1.0,650.0,1970-01-01,41.970875,-87.7047,https://www.zillow.com/homedetails/363540524_zpid/,67.0,61.0,89.0,,76088.0,80028.0,46060.0,3951.0,10277.0,25898.0,3,26676.0,0.5450908149683973,57.42490566037736,2.0384615384615383,0.20896856271685416,-1297.5
3054 W Berteau Ave #3,Chicago,IL,60618,1350.0,1.0,1.0,,1970-01-01,41.957718,-87.70536,https://www.zillow.com/homedetails/2128476919_zpid/,82.0,58.0,76.0,,91650.0,95078.0,62235.0,2661.0,6151.0,36407.0,7,13582.57142857143,0.4199467393204773,67.88888888888889,,0.176759410801964,-1272.5
6302 N Oakley Ave #G,Chicago,IL,60659,1350.0,1.0,1.0,,1970-01-01,41.996147,-87.68767,https://www.zillow.com/homedetails/2058008681_zpid/,76.0,54.0,68.0,,57077.0,43729.0,21319.0,3786.0,11689.0,10484.0,3,14576.333333333334,0.6258911116537121,42.27925925925926,,0.2838271107451338,-1272.5
4518-4522 N Greenview Ave #17278767,Chicago,IL,60640,1480.0,1.0,1.0,,1970-01-01,41.964363,-87.66775,https://www.zillow.com/homedetails/363558256_zpid/,93.0,79.0,92.0,,63660.0,67936.0,42298.0,11640.0,7319.0,9246.0,3,22645.33333333333,0.5528640309243285,43.01351351351352,,0.27898209236569277,-1142.5
39 N Aberdeen St APT 5S,Chicago,IL,60607,6400.0,3.0,3.0,2082.0,1970-01-01,41.882698,-87.65382,https://www.zillow.com/homedetails/2088325886_zpid/,98.0,86.0,92.0,,109634.0,29990.0,16844.0,3742.0,6724.0,2743.0,1,29990.0,0.6103412430129816,17.1303125,3.073967339097022,0.7005126146998194,3777.5
2162 N Bell Ave #1R,Chicago,IL,60647,3100.0,3.0,2.0,1200.0,1970-01-01,41.92173,-87.684,https://www.zillow.com/homedetails/456237148_zpid/,87.0,72.0,94.0,,89974.0,85564.0,58385.0,5701.0,3658.0,32028.0,10,8556.4,0.3880122740500696,29.02387096774193,2.5833333333333335,0.41345277524618224,477.5
6572 N Northwest Hwy APT 2S,Chicago,IL,60631,1900.0,2.0,2.0,1050.0,1970-01-01,42.00012,-87.81245,https://www.zillow.com/homedetails/452279241_zpid/,85.0,46.0,70.0,,103588.0,30589.0,25605.0,401.0,1262.0,4491.0,2,15294.5,0.2758918225811131,54.52,1.8095238095238095,0.22010271460014674,-722.5
6048 S Eberhart Ave #3,Chicago,IL,60637,2500.0,3.0,2.0,1300.0,1970-01-01,41.77477,-87.61308,https://www.zillow.com/homedetails/455593261_zpid/,71.0,77.0,81.0,,31720.0,49514.0,8031.0,36606.0,2505.0,1377.0,3,16504.666666666668,0.4237858972286115,12.688,1.9230769230769231,0.9457755359394704,-122.5
710 S Claremont Ave #1,Chicago,IL,60612,2250.0,3.0,1.0,1500.0,1970-01-01,41.872723,-87.685356,https://www.zillow.com/homedetails/2080240189_zpid/,85.0,74.0,89.0,,52126.0,33908.0,9611.0,18830.0,1578.0,5119.0,2,16954.0,0.5863157671823871,23.16711111111111,1.5,0.5179756743275908,-372.5
6436 W Leavitt St #2,Chicago,IL,60645,1550.0,2.0,1.0,750.0,1970-01-01,41.999023,-87.68539,https://www.zillow.com/homedetails/2069541757_zpid/,89.0,54.0,67.0,,63488.0,48585.0,24841.0,7477.0,7328.0,10050.0,2,24292.5,0.6493615277147218,40.96,2.066666666666667,0.29296875,-1072.5
8514 S Summit Ave APT 1,Chicago,IL,60620,1200.0,2.0,1.0,,1970-01-01,41.739086,-87.64437,https://www.zillow.com/homedetails/456236515_zpid/,64.0,60.0,71.0,,40117.0,69357.0,1157.0,65720.0,230.0,1937.0,5,13871.4,0.1010585799589965,33.43083333333333,,0.35895007104220156,-1422.5
3950 W Roscoe St APT 1B,Chicago,IL,60618,1260.0,1.0,1.0,700.0,1970-01-01,41.943134,-87.72696,https://www.zillow.com/homedetails/451034713_zpid/,92.0,71.0,68.0,,91650.0,95078.0,62235.0,2661.0,6151.0,36407.0,7,13582.57142857143,0.4199467393204773,72.73809523809524,1.8,0.16497545008183306,-1362.5
10012 S King Dr,Chicago,IL,60628,900.0,1.0,1.0,,1970-01-01,41.71234,-87.61429,https://www.zillow.com/homedetails/2063225077_zpid/,64.0,74.0,62.0,,46665.0,64489.0,2467.0,59680.0,87.0,2775.0,2,32244.5,0.1402640359822391,51.85,,0.23143683702989393,-1722.5
1763 N Wells St APT 3F,Chicago,IL,60614,1750.0,1.0,1.0,700.0,1970-01-01,41.91472,-87.634476,https://www.zillow.com/homedetails/2092026021_zpid/,97.0,81.0,95.0,,123610.0,72119.0,59962.0,2863.0,5165.0,4411.0,4,18029.75,0.2982759109000082,70.63428571428571,2.5,0.16988916754307903,-872.5
1737 W Wallen Ave APT 1,Chicago,IL,60626,2280.0,3.0,2.0,1500.0,1970-01-01,42.00232,-87.67422,https://www.zillow.com/homedetails/2058519584_zpid/,91.0,70.0,90.0,,51562.0,50295.0,26094.0,12922.0,2753.0,9694.0,3,16765.0,0.6246709223217969,22.61491228070176,1.52,0.5306233272565067,-342.5
741 W Waveland Ave APT 1,Chicago,IL,60613,4500.0,3.0,2.0,1800.0,1970-01-01,41.94911,-87.64795,https://www.zillow.com/homedetails/2090095100_zpid/,97.0,83.0,89.0,,88267.0,53282.0,41222.0,3146.0,4651.0,6124.0,3,17760.666666666668,0.3771386003518082,19.61488888888889,2.5,0.611780166993327,1877.5
1240 N Paulina St,Chicago,IL,60622,2150.0,2.0,1.0,1000.0,1970-01-01,41.90463,-87.67054,https://www.zillow.com/homedetails/2069333367_zpid/,97.0,77.0,97.0,,110694.0,54650.0,41086.0,3868.0,2794.0,11270.0,6,9108.333333333334,0.3846426336103742,51.48558139534884,2.15,0.2330749634126511,-472.5
1544 W Thorndale Ave APT 1,Chicago,IL,60660,2575.0,2.0,2.0,1350.0,1970-01-01,41.990177,-87.66924,https://www.zillow.com/homedetails/62008427_zpid/,94.0,70.0,84.0,,56090.0,44972.0,26248.0,6438.0,6163.0,7934.0,2,22486.0,0.5889522018815878,21.78252427184466,1.9074074074074074,0.5509003387413086,-47.5
2317 W Medill Ave #G,Chicago,IL,60647,2200.0,2.0,1.0,900.0,1970-01-01,41.923943,-87.68597,https://www.zillow.com/homedetails/2062499024_zpid/,86.0,71.0,87.0,,89974.0,85564.0,58385.0,5701.0,3658.0,32028.0,10,8556.4,0.3880122740500696,40.89727272727273,2.4444444444444446,0.29341809856180673,-422.5
124 W Polk St APT 203,Chicago,IL,60605,2300.0,1.0,1.0,1006.0,1970-01-01,41.87225,-87.63118,https://www.zillow.com/homedetails/3871445_zpid/,99.0,100.0,89.0,,112162.0,32077.0,20129.0,4620.0,4942.0,2841.0,3,10692.333333333334,0.5538919720082435,48.76608695652174,2.286282306163022,0.24607264492430592,-322.5
2877 S Throop St #2F,Chicago,IL,60608,1900.0,3.0,2.0,1050.0,1970-01-01,41.84179,-87.65227,https://www.zillow.com/homedetails/456235341_zpid/,80.0,62.0,87.0,,61490.0,83689.0,31441.0,14439.0,11599.0,39476.0,2,41844.5,0.5873822102503404,32.363157894736844,1.8095238095238095,0.37079199869897544,-722.5
6336 N Magnolia Ave #2,Chicago,IL,60660,1900.0,2.0,1.0,,1970-01-01,41.997433,-87.662125,https://www.zillow.com/homedetails/2094773611_zpid/,95.0,73.0,90.0,,56090.0,44972.0,26248.0,6438.0,6163.0,7934.0,2,22486.0,0.5889522018815878,29.521052631578947,,0.4064895703333928,-722.5
9647 S Ave N #1,Chicago,IL,60617,1550.0,2.0,1.0,650.0,1970-01-01,41.719944,-87.53857,https://www.zillow.com/homedetails/401751070_zpid/,42.0,41.0,77.0,,46156.0,84193.0,22859.0,45084.0,254.0,33740.0,1,84193.0,0.478934436790345,29.77806451612903,2.3846153846153846,0.4029811942109368,-1072.5
2507 N Sawyer Ave #2R,Chicago,IL,60647,1850.0,1.0,1.0,700.0,1970-01-01,41.92681,-87.70889,https://www.zillow.com/homedetails/456063215_zpid/,93.0,73.0,98.0,,89974.0,85564.0,58385.0,5701.0,3658.0,32028.0,10,8556.4,0.3880122740500696,48.6345945945946,2.642857142857143,0.24673794651788294,-772.5
946 N Harding Ave,Chicago,IL,60651,1600.0,2.0,1.0,1500.0,1970-01-01,41.898563,-87.72531,https://www.zillow.com/homedetails/2076988442_zpid/,68.0,63.0,66.0,,44549.0,64638.0,12721.0,35016.0,233.0,25519.0,2,32319.0,0.5119236304206798,27.843125,1.0666666666666667,0.4309861051875463,-1022.5
2021 N Halsted St #A,Chicago,IL,60614,8000.0,2.0,3.0,1850.0,1970-01-01,41.919254,-87.64819,https://www.zillow.com/homedetails/2075897031_zpid/,98.0,79.0,91.0,,123610.0,72119.0,59962.0,2863.0,5165.0,4411.0,4,18029.75,0.2982759109000082,15.45125,4.324324324324325,0.776636194482647,5377.5
1258 N Kedzie Ave APT 2,Chicago,IL,60651,1975.0,3.0,1.0,1300.0,1970-01-01,41.904526,-87.70721,https://www.zillow.com/homedetails/2124262142_zpid/,71.0,66.0,80.0,,44549.0,64638.0,12721.0,35016.0,233.0,25519.0,2,32319.0,0.5119236304206798,22.55645569620253,1.5192307692307692,0.5319984735908775,-647.5
426 1/2 Arnaz Dr,Los Angeles,CA,90048,8500.0,3.0,3.0,1490.0,1970-01-01,34.07131,-118.38243,https://www.zillow.com/homedetails/452930809_zpid/,92.0,65.0,76.0,,102567.0,20504.0,16274.0,781.0,1465.0,1585.0,1,20504.0,0.3575107472154306,12.066705882352942,5.704697986577181,0.9944719061686508,5877.5
13558 Moorpark St APT 9,Sherman Oaks,CA,91423,2699.0,2.0,2.0,850.0,1970-01-01,34.1501,-118.4289,https://www.zillow.com/homedetails/2112813126_zpid/,89.0,43.0,56.0,,97727.0,31901.0,24497.0,1273.0,1980.0,4228.0,1,31901.0,0.3873086627686507,36.20859577621341,3.175294117647059,0.3314130178967941,76.5
455 N Genesee Ave #104,Los Angeles,CA,90036,2450.0,1.0,1.0,800.0,1970-01-01,34.079754,-118.35869,https://www.zillow.com/homedetails/455126899_zpid/,96.0,54.0,69.0,,87868.0,37596.0,23600.0,1934.0,7529.0,4614.0,1,37596.0,0.5481474203356145,35.86448979591837,3.0625,0.3345927982883416,-172.5
14916 Wyandotte St,Van Nuys,CA,91405,3000.0,2.0,1.0,750.0,1970-01-01,34.2029,-118.45808,https://www.zillow.com/homedetails/456245571_zpid/,73.0,53.0,63.0,,54391.0,55751.0,21666.0,2714.0,4482.0,34249.0,1,55751.0,0.462750902471113,18.130333333333333,4.0,0.661874207129856,377.5
2011 W 66th St,Los Angeles,CA,90047,2900.0,2.0,2.0,930.0,1970-01-01,33.97923,-118.313774,https://www.zillow.com/homedetails/2070472646_zpid/,68.0,54.0,50.0,,62399.0,51494.0,8020.0,28625.0,464.0,20268.0,1,51494.0,0.5117278236866195,21.516896551724138,3.118279569892473,0.557701245212263,277.5
7017 Ramsgate Pl,Los Angeles,CA,90045,2150.0,1.0,1.0,600.0,1970-01-01,33.973797,-118.37338,https://www.zillow.com/homedetails/456245458_zpid/,78.0,36.0,41.0,,115943.0,41411.0,24341.0,4192.0,5962.0,8095.0,1,41411.0,0.5853147864998989,53.92697674418605,3.5833333333333335,0.22252313636873292,-472.5
4836 Swinton Ave,Encino,CA,91436,6000.0,4.0,3.0,2150.0,1970-01-01,34.1584,-118.484634,https://www.zillow.com/homedetails/19980916_zpid/,58.0,39.0,50.0,,157898.0,16970.0,14339.0,299.0,655.0,1455.0,1,16970.0,0.2768882519639324,26.316333333333333,2.7906976744186047,0.45599057619475863,3377.5
5518 Via Marisol,Los Angeles,CA,90042,6200.0,4.0,2.0,1800.0,1970-01-01,34.10466,-118.18585,https://www.zillow.com/homedetails/20692686_zpid/,74.0,54.0,66.0,,81853.0,59658.0,23500.0,1270.0,8264.0,35024.0,2,29829.0,0.4805290274132998,13.202096774193548,3.4444444444444446,0.908946526089453,3577.5
3682 Berry Dr,Studio City,CA,91604,5995.0,3.0,3.0,1960.0,1970-01-01,34.13692,-118.378044,https://www.zillow.com/homedetails/20030656_zpid/,27.0,44.0,16.0,,124271.0,32680.0,24933.0,1329.0,2650.0,3709.0,4,8170.0,0.396806622468685,20.72910758965805,3.058673469387755,0.5788961221845804,3372.5
662 Loring Ave,Los Angeles,CA,90024,15000.0,5.0,5.0,3522.0,1970-01-01,34.068783,-118.43504,https://www.zillow.com/homedetails/20526050_zpid/,44.0,71.0,45.0,,67422.0,50611.0,29098.0,2050.0,13106.0,6945.0,1,50611.0,0.5819217181688539,4.4948,4.258943781942079,2.6697517130906827,12377.5
3739 Barry Ave,Los Angeles,CA,90066,20000.0,4.0,3.0,2254.0,1970-01-01,34.008858,-118.42678,https://www.zillow.com/homedetails/20448352_zpid/,75.0,51.0,86.0,,90983.0,54913.0,33260.0,2742.0,7985.0,14950.0,4,13728.25,0.53538786430103,4.54915,8.873114463176575,2.6378554235406613,17377.5
11247 Briarcliff Ln,Studio City,CA,91604,18900.0,4.0,7.0,6673.0,1970-01-01,34.126377,-118.38086,https://www.zillow.com/homedetails/20031869_zpid/,0.0,22.0,8.0,,124271.0,32680.0,24933.0,1329.0,2650.0,3709.0,4,8170.0,0.396806622468685,6.575185185185185,2.8323093061591487,1.8250436545935897,16277.5
4331 Gateway Ave #2,Los Angeles,CA,90029,3200.0,2.0,1.0,900.0,1970-01-01,34.094864,-118.28404,https://www.zillow.com/homedetails/2070267976_zpid/,93.0,68.0,73.0,,50822.0,35037.0,11945.0,1372.0,5524.0,18749.0,4,8759.25,0.5710258321309525,15.881875,3.5555555555555554,0.7555782928652945,577.5
4331 Burns Ave,Los Angeles,CA,90029,3795.0,2.0,1.0,875.0,1970-01-01,34.087986,-118.28807,https://www.zillow.com/homedetails/250337670_zpid/,92.0,69.0,81.0,,50822.0,35037.0,11945.0,1372.0,5524.0,18749.0,4,8759.25,0.5710258321309525,13.391831357048748,4.337142857142857,0.8960686316949352,1172.5
12831 Panama St,Los Angeles,CA,90066,4200.0,2.0,1.0,864.0,1970-01-01,33.985146,-118.42674,https://www.zillow.com/homedetails/20441598_zpid/,72.0,46.0,89.0,,90983.0,54913.0,33260.0,2742.0,7985.0,14950.0,4,13728.25,0.53538786430103,21.66261904761905,4.861111111111111,0.5539496389435389,1577.5
740 N Alfred St APT 204,West Hollywood,CA,90069,3600.0,2.0,2.0,1000.0,1970-01-01,34.08483,-118.37514,https://www.zillow.com/homedetails/454153676_zpid/,93.0,62.0,63.0,,98440.0,20185.0,16332.0,557.0,1455.0,1693.0,1,20185.0,0.3323394788447141,27.344444444444445,3.6,0.4388459975619667,977.5
15955 Vanowen St APT 10,Van Nuys,CA,91406,1571.0,1.0,1.0,,1970-01-01,34.194256,-118.48113,https://www.zillow.com/homedetails/456244009_zpid/,69.0,47.0,56.0,,64875.0,54404.0,21652.0,2646.0,3994.0,31404.0,1,54404.0,0.5006500233494533,41.29535327816677,,0.29058959537572254,-1051.5
7135 Hollywood Blvd APT 205,Los Angeles,CA,90046,3550.0,1.0,2.0,954.0,1970-01-01,34.102,-118.34652,https://www.zillow.com/homedetails/20792680_zpid/,94.0,60.0,39.0,,77162.0,48749.0,35153.0,2825.0,3224.0,7386.0,2,24374.5,0.4493244354748231,21.735774647887325,3.7211740041928723,0.5520852232964413,927.5
417 S Barrington Ave #C0D3075AA,Los Angeles,CA,90049,6195.0,3.0,3.0,,1970-01-01,34.060238,-118.468765,https://www.zillow.com/homedetails/2066713103_zpid/,76.0,43.0,35.0,,143000.0,35853.0,29244.0,480.0,2546.0,2825.0,4,8963.25,0.3232618441304684,23.08313155770783,,0.5198601398601399,3572.5
1515 S Orange Grove Ave,Los Angeles,CA,90019,4150.0,2.0,2.0,1225.0,1970-01-01,34.04907,-118.36628,https://www.zillow.com/homedetails/2105037122_zpid/,85.0,57.0,68.0,,61616.0,61061.0,19471.0,10822.0,10762.0,26817.0,4,15265.25,0.6429590886888494,14.847228915662653,3.3877551020408165,0.8082316281485329,1527.5
1731 S Burlington Ave #1733-1/2,Los Angeles,CA,90006,2500.0,2.0,1.0,850.0,1970-01-01,34.04065,-118.28237,https://www.zillow.com/homedetails/440666734_zpid/,91.0,71.0,79.0,,41068.0,57136.0,16801.0,1897.0,10531.0,41465.0,1,57136.0,0.3517825658751411,16.4272,2.9411764705882355,0.7304957631245739,-122.5
1246 N Mansfield Ave #6,Los Angeles,CA,90038,2450.0,2.0,2.0,1100.0,1970-01-01,34.09395,-118.34012,https://www.zillow.com/homedetails/456242935_zpid/,96.0,65.0,70.0,,51096.0,27995.0,11827.0,1896.0,1873.0,14151.0,1,27995.0,0.5569442352835121,20.855510204081632,2.227272727272727,0.575387505871301,-172.5
12002 Hart St #2,North Hollywood,CA,91605,2100.0,2.0,1.0,,1970-01-01,34.197285,-118.39451,https://www.zillow.com/homedetails/456242891_zpid/,78.0,52.0,74.0,,56403.0,52661.0,26283.0,1333.0,3966.0,32276.0,2,26330.5,0.3689404478634085,26.85857142857143,,0.44678474549226105,-522.5
4810 Mascot St #4812,Los Angeles,CA,90019,3995.0,3.0,3.0,1184.0,1970-01-01,34.040596,-118.34396,https://www.zillow.com/homedetails/456242806_zpid/,87.0,55.0,47.0,,61616.0,61061.0,19471.0,10822.0,10762.0,26817.0,4,15265.25,0.6429590886888494,15.423279098873593,3.3741554054054053,0.7780446637237082,1372.5
7417 Sunnybrae Ave,Winnetka,CA,91306,1250.0,1.0,1.0,400.0,1970-01-01,34.20526,-118.58114,https://www.zillow.com/homedetails/19911663_zpid/,57.0,41.0,54.0,,77597.0,49260.0,17687.0,1824.0,9074.0,24072.0,4,12315.0,0.596976541898457,62.0776,3.125,0.1933064422593657,-1372.5
6328 Mary Ellen Ave,Van Nuys,CA,91401,2690.0,1.0,1.0,650.0,1970-01-01,34.185642,-118.41911,https://www.zillow.com/homedetails/2053065634_zpid/,77.0,46.0,68.0,,65458.0,38974.0,22272.0,2175.0,1957.0,16550.0,3,12991.333333333334,0.4874792876129392,24.333828996282527,4.138461538461539,0.4931406397995661,67.5
344 S Hobart Blvd APT 10,Los Angeles,CA,90020,1800.0,1.0,1.0,550.0,1970-01-01,34.06768,-118.305,https://www.zillow.com/homedetails/453462630_zpid/,95.0,78.0,66.0,,51013.0,38124.0,7633.0,2624.0,16918.0,12991.0,1,38124.0,0.6421365221083704,28.34055555555556,3.272727272727273,0.42342148079901204,-822.5
8101 Sunnybrae Ave,Winnetka,CA,91306,4500.0,3.0,2.0,1572.0,1970-01-01,34.217083,-118.581116,https://www.zillow.com/homedetails/19908768_zpid/,36.0,42.0,42.0,,77597.0,49260.0,17687.0,1824.0,9074.0,24072.0,4,12315.0,0.596976541898457,17.243777777777776,2.8625954198473282,0.6959031921337165,1877.5
1875 S Beverly Glen Blvd APT 106,Los Angeles,CA,90025,5650.0,2.0,3.0,1644.0,1970-01-01,34.055347,-118.42356,https://www.zillow.com/homedetails/20498232_zpid/,87.0,59.0,54.0,,100453.0,44608.0,27694.0,1523.0,10466.0,5936.0,1,44608.0,0.54064902031891,17.77929203539823,3.4367396593673964,0.6749425104277622,3027.5
374 N Avenue 57,Los Angeles,CA,90042,2500.0,2.0,1.0,850.0,1970-01-01,34.11382,-118.194496,https://www.zillow.com/homedetails/2073011527_zpid/,90.0,63.0,37.0,,81853.0,59658.0,23500.0,1270.0,8264.0,35024.0,2,29829.0,0.4805290274132998,32.7412,2.9411764705882355,0.3665106960038117,-122.5
846 Silver Lake Blvd,Los Angeles,CA,90026,5900.0,2.0,3.0,1209.0,1970-01-01,34.0814,-118.27381,https://www.zillow.com/homedetails/20745415_zpid/,91.0,56.0,45.0,,70436.0,65921.0,26122.0,2279.0,9800.0,32695.0,3,21973.666666666668,0.5736917741990324,11.938305084745762,4.880066170388751,1.0051678119143619,3277.5
2109 1/2 W 54th St #2109-1/2,Los Angeles,CA,90062,2400.0,2.0,1.0,850.0,1970-01-01,33.993378,-118.31638,https://www.zillow.com/homedetails/456241983_zpid/,75.0,55.0,67.0,,56500.0,34277.0,8467.0,9967.0,641.0,22367.0,1,34277.0,0.4282768997049482,23.541666666666668,2.823529411764706,0.5097345132743363,-222.5
4455 Los Feliz Blvd APT 407,Los Angeles,CA,90027,4500.0,2.0,1.0,992.0,1970-01-01,34.11262,-118.28644,https://www.zillow.com/homedetails/20809181_zpid/,83.0,51.0,52.0,,78356.0,44678.0,29049.0,1223.0,5515.0,10065.0,1,44678.0,0.5105215233747009,17.412444444444443,4.536290322580645,0.6891622849558425,1877.5
1104 Casiano Rd,Los Angeles,CA,90049,10450.0,4.0,4.0,2750.0,1970-01-01,34.08096,-118.46905,https://www.zillow.com/homedetails/20528677_zpid/,25.0,40.0,9.0,,143000.0,35853.0,29244.0,480.0,2546.0,2825.0,4,8963.25,0.3232618441304684,13.68421052631579,3.8,0.8769230769230769,7827.5
3018 Stocker St #8,Los Angeles,CA,90008,2039.0,1.0,1.0,620.0,1970-01-01,34.00737,-118.32675,https://www.zillow.com/homedetails/451072856_zpid/,86.0,54.0,52.0,,49379.0,31046.0,3221.0,20459.0,1298.0,7187.0,1,31046.0,0.4996304036118263,24.21726336439431,3.2887096774193547,0.4955142874501306,-583.5
10000 Santa Monica Blvd #2445807,Los Angeles,CA,90067,13700.0,2.0,3.0,1577.0,1970-01-01,34.06364,-118.41437,https://www.zillow.com/homedetails/453543063_zpid/,95.0,62.0,51.0,,109704.0,2483.0,1774.0,56.0,465.0,128.0,1,2483.0,0.4513118525344067,8.007591240875913,8.687381103360812,1.4985779916867206,11077.5
3934 Alonzo Ave #1,Encino,CA,91316,1695.0,1.0,1.0,520.0,1970-01-01,34.142788,-118.525635,https://www.zillow.com/homedetails/2053608822_zpid/,8.0,0.0,2.0,,79858.0,28182.0,22201.0,658.0,1981.0,4331.0,1,28182.0,0.3503110498428403,47.11386430678466,3.2596153846153846,0.25470209622079193,-927.5
110 N Barrington Ave,Los Angeles,CA,90049,12000.0,5.0,5.0,5200.0,1970-01-01,34.065903,-118.47046,https://www.zillow.com/homedetails/20547175_zpid/,65.0,42.0,36.0,,143000.0,35853.0,29244.0,480.0,2546.0,2825.0,4,8963.25,0.3232618441304684,11.916666666666666,2.3076923076923075,1.006993006993007,9377.5
153 W 51st St #A,Los Angeles,CA,90037,1950.0,1.0,1.0,,1970-01-01,33.99677,-118.2758,https://www.zillow.com/homedetails/20617668_zpid/,78.0,58.0,80.0,,45128.0,68885.0,22419.0,11413.0,747.0,54911.0,2,34442.5,0.231078202070497,23.1425641025641,,0.5185250842049282,-672.5
7310 Lindley Ave,Reseda,CA,91335,3300.0,2.0,1.0,750.0,1970-01-01,34.203384,-118.526985,https://www.zillow.com/homedetails/19916517_zpid/,83.0,46.0,61.0,,68163.0,78205.0,33097.0,2810.0,10038.0,41585.0,1,78205.0,0.5203775973975502,20.655454545454543,4.4,0.5809603450552352,677.5
3647  Jasmine Ave. #104,Los Angeles,CA,90034,2400.0,1.0,1.0,715.0,1970-01-01,34.024677,-118.40458,https://www.zillow.com/homedetails/2101932972_zpid/,88.0,62.0,85.0,,88490.0,53321.0,25577.0,5050.0,10840.0,13887.0,5,10664.2,0.6517780995083579,36.87083333333333,3.3566433566433567,0.32546050401175275,-222.5
9324 Burnet Ave #13,North Hills,CA,91343,3575.0,3.0,3.0,1952.0,1970-01-01,34.23974,-118.46309,https://www.zillow.com/homedetails/2114382470_zpid/,56.0,49.0,57.0,,71380.0,64519.0,22154.0,2844.0,8650.0,39515.0,2,32259.5,0.4870768782493018,19.966433566433565,1.8314549180327868,0.6010086859064163,952.5
19700 Strathern St,Winnetka,CA,91306,5000.0,4.0,3.0,1923.0,1970-01-01,34.21535,-118.5625,https://www.zillow.com/homedetails/19907051_zpid/,35.0,39.0,38.0,,77597.0,49260.0,17687.0,1824.0,9074.0,24072.0,4,12315.0,0.596976541898457,15.5194,2.6001040041601664,0.7732257690374628,2377.5
7847 Goodland Ave,North Hollywood,CA,91605,5500.0,4.0,2.0,1682.0,1970-01-01,34.213493,-118.41349,https://www.zillow.com/homedetails/19997590_zpid/,49.0,36.0,51.0,,56403.0,52661.0,26283.0,1333.0,3966.0,32276.0,2,26330.5,0.3689404478634085,10.255090909090908,3.2699167657550534,1.1701505239083028,2877.5
10446 Quito Ln,Los Angeles,CA,90077,5950.0,2.0,2.0,1379.0,1970-01-01,34.106213,-118.44796,https://www.zillow.com/homedetails/119676894_zpid/,12.0,0.0,6.0,,200625.0,7729.0,6079.0,133.0,581.0,449.0,1,7729.0,0.3720673103489653,33.71848739495798,4.314720812182741,0.3558878504672897,3327.5
4509 Willow Brook Ave #4-4513-3,Los Angeles,CA,90029,2195.0,1.0,1.0,650.0,1970-01-01,34.090042,-118.289665,https://www.zillow.com/homedetails/454969626_zpid/,94.0,70.0,76.0,,50822.0,35037.0,11945.0,1372.0,5524.0,18749.0,4,8759.25,0.5710258321309525,23.153530751708427,3.376923076923077,0.518279485262288,-427.5
1310 W D St #9,Wilmington,CA,90744,1925.0,2.0,1.0,865.0,1970-01-01,33.773018,-118.278076,https://www.zillow.com/homedetails/456239147_zpid/,57.0,38.0,76.0,,55141.0,57030.0,32793.0,1689.0,2025.0,50620.0,1,57030.0,-0.1206171362999173,28.64467532467533,2.2254335260115607,0.4189260260060572,-697.5
10825 Rose Ave APT 111,Los Angeles,CA,90034,2650.0,1.0,1.0,717.0,1970-01-01,34.025467,-118.416565,https://www.zillow.com/homedetails/2084794797_zpid/,81.0,56.0,63.0,,88490.0,53321.0,25577.0,5050.0,10840.0,13887.0,5,10664.2,0.6517780995083579,33.39245283018868,3.695955369595537,0.35936263984631034,27.5
1412 N Formosa Ave #1/2,Los Angeles,CA,90046,3250.0,2.0,1.0,1400.0,1970-01-01,34.096638,-118.34596,https://www.zillow.com/homedetails/350283491_zpid/,96.0,63.0,59.0,,77162.0,48749.0,35153.0,2825.0,3224.0,7386.0,2,24374.5,0.4493244354748231,23.742153846153847,2.3214285714285716,0.5054301340037842,627.5
4459 W Rose Hill Dr,Los Angeles,CA,90032,3995.0,2.0,2.0,,1970-01-01,34.081936,-118.19462,https://www.zillow.com/homedetails/2071264797_zpid/,56.0,48.0,42.0,,65761.0,45298.0,13257.0,971.0,5449.0,34788.0,1,45298.0,0.3096245640944186,16.460826032540677,,0.7290035127203054,1372.5
2485 Venice Blvd #6,Los Angeles,CA,90019,1950.0,1.0,1.0,680.0,1970-01-01,34.04374,-118.31484,https://www.zillow.com/homedetails/456238056_zpid/,81.0,62.0,70.0,,61616.0,61061.0,19471.0,10822.0,10762.0,26817.0,4,15265.25,0.6429590886888494,31.59794871794872,2.8676470588235294,0.37977148792521426,-672.5
1829 Silent Era Dr,Los Angeles,CA,90026,4350.0,2.0,3.0,1219.0,1970-01-01,34.08875,-118.26002,https://www.zillow.com/homedetails/250336736_zpid/,80.0,49.0,34.0,,70436.0,65921.0,26122.0,2279.0,9800.0,32695.0,3,21973.666666666668,0.5736917741990324,16.192183908045976,3.568498769483183,0.7410983020046568,1727.5
2235 W 26th Pl #6,Los Angeles,CA,90018,2050.0,1.0,1.0,642.0,1970-01-01,34.032013,-118.31598,https://www.zillow.com/homedetails/343528583_zpid/,76.0,52.0,54.0,,55275.0,51388.0,14335.0,14408.0,2765.0,29230.0,2,25694.0,0.5171325797072005,26.963414634146343,3.1931464174454827,0.4450474898236092,-572.5
3824 Wisconsin St APT 9,Los Angeles,CA,90037,2395.0,2.0,1.0,716.0,1970-01-01,34.01606,-118.29265,https://www.zillow.com/homedetails/2092595729_zpid/,71.0,71.0,77.0,,45128.0,68885.0,22419.0,11413.0,747.0,54911.0,2,34442.5,0.231078202070497,18.84258872651357,3.344972067039106,0.6368551675234887,-227.5
3501 Wellington Rd #3501,Los Angeles,CA,90016,3400.0,4.0,2.0,,1970-01-01,34.024567,-118.33871,https://www.zillow.com/homedetails/456238029_zpid/,81.0,60.0,68.0,,53659.0,45884.0,16100.0,12997.0,2070.0,25152.0,1,45884.0,0.4941248081327859,15.782058823529413,,0.7603570696434895,777.5
11019 Fruitland Dr APT 2,Studio City,CA,91604,2695.0,1.0,1.0,735.0,1970-01-01,34.139877,-118.37085,https://www.zillow.com/homedetails/2102409554_zpid/,80.0,53.0,50.0,,124271.0,32680.0,24933.0,1329.0,2650.0,3709.0,4,8170.0,0.396806622468685,46.11168831168831,3.6666666666666665,0.26023770630316,72.5
5137 Chimineas Ave,Tarzana,CA,91356,5450.0,4.0,3.0,1783.0,1970-01-01,34.164032,-118.52833,https://www.zillow.com/homedetails/19949392_zpid/,80.0,43.0,52.0,,90886.0,29968.0,21956.0,1881.0,1700.0,4528.0,1,29968.0,0.4332394657077176,16.676330275229358,3.0566461020751543,0.7195827740246022,2827.5
13733 Burbank Blvd APT 108,Van Nuys,CA,91401,2095.0,2.0,2.0,,1970-01-01,34.172417,-118.43257,https://www.zillow.com/homedetails/2096023331_zpid/,81.0,47.0,81.0,,65458.0,38974.0,22272.0,2175.0,1957.0,16550.0,3,12991.333333333334,0.4874792876129392,31.24486873508353,,0.3840630633383238,-527.5
4101 Arch Dr APT 105,Studio City,CA,91604,2500.0,2.0,2.0,1050.0,1970-01-01,34.14206,-118.37159,https://www.zillow.com/homedetails/340939795_zpid/,81.0,52.0,60.0,,124271.0,32680.0,24933.0,1329.0,2650.0,3709.0,4,8170.0,0.396806622468685,49.7084,2.380952380952381,0.24140789081925793,-122.5
3500 Marguerite St,Los Angeles,CA,90065,4100.0,3.0,2.0,1250.0,1970-01-01,34.117657,-118.23704,https://www.zillow.com/homedetails/20758554_zpid/,81.0,50.0,40.0,,80386.0,46432.0,18605.0,889.0,6628.0,25339.0,1,46432.0,0.5208882700114195,19.606341463414637,3.28,0.6120468738337521,1477.5
4232 Lindblade Dr APT 12,Los Angeles,CA,90066,2995.0,3.0,2.0,800.0,1970-01-01,33.997,-118.423096,https://www.zillow.com/homedetails/2082274102_zpid/,85.0,52.0,92.0,,90983.0,54913.0,33260.0,2742.0,7985.0,14950.0,4,13728.25,0.53538786430103,30.37829716193656,3.74375,0.39501884967521406,372.5
8923 Menlo Ave,Los Angeles,CA,90044,3500.0,5.0,3.0,1800.0,1970-01-01,33.955856,-118.29073,https://www.zillow.com/homedetails/20951114_zpid/,74.0,60.0,63.0,,43388.0,100225.0,22203.0,30662.0,649.0,66943.0,1,100225.0,0.4111609663490371,12.396571428571429,1.9444444444444444,0.9680095879044898,877.5
6031 Cahuenga Blvd APT 3,North Hollywood,CA,91606,2195.0,2.0,1.0,900.0,1970-01-01,34.180416,-118.36192,https://www.zillow.com/homedetails/456237928_zpid/,75.0,44.0,66.0,,57146.0,43381.0,25449.0,2053.0,1828.0,22627.0,1,43381.0,0.3797852166518927,26.03462414578588,2.438888888888889,0.46092464914429704,-427.5
2572 S Centinela Ave APT 5,Los Angeles,CA,90064,2300.0,1.0,1.0,850.0,1970-01-01,34.02412,-118.44926,https://www.zillow.com/homedetails/2081438481_zpid/,74.0,54.0,83.0,,109357.0,25161.0,15722.0,605.0,5149.0,3631.0,2,12580.5,0.546272948517339,47.546521739130434,2.7058823529411766,0.25238439240286403,-322.5
3675 Dunn Dr APT 305,Los Angeles,CA,90034,5037.0,3.0,3.0,1178.0,1970-01-01,34.025322,-118.40169,https://www.zillow.com/homedetails/2083318860_zpid/,89.0,62.0,87.0,,88490.0,53321.0,25577.0,5050.0,10840.0,13887.0,5,10664.2,0.6517780995083579,17.567996823506054,4.275891341256367,0.6830602327946661,2414.5
7010 Lanewood Ave APT 205,Los Angeles,CA,90028,2795.0,2.0,2.0,850.0,1970-01-01,34.098885,-118.341774,https://www.zillow.com/homedetails/2061574567_zpid/,98.0,65.0,59.0,,52814.0,29887.0,15755.0,2733.0,3482.0,8797.0,1,29887.0,0.6135376365709664,18.895885509839,3.288235294117647,0.6350588859014655,172.5
15240 Nordhoff St #35605,North Hills,CA,91343,1695.0,1.0,1.0,800.0,1970-01-01,34.23517,-118.46474,https://www.zillow.com/homedetails/443264688_zpid/,69.0,49.0,59.0,,71380.0,64519.0,22154.0,2844.0,8650.0,39515.0,2,32259.5,0.4870768782493018,42.11209439528024,2.11875,0.28495376856262256,-927.5
3712 S Bentley Ave APT 204,Los Angeles,CA,90034,4295.0,3.0,2.0,,1970-01-01,34.015556,-118.41684,https://www.zillow.com/homedetails/2083275750_zpid/,80.0,56.0,81.0,,88490.0,53321.0,25577.0,5050.0,10840.0,13887.0,5,10664.2,0.6517780995083579,20.60302677532014,,0.5824386936376992,1672.5
1819 S Manhattan Pl APT 10,Los Angeles,CA,90019,2500.0,2.0,2.0,,1970-01-01,34.041138,-118.310555,https://www.zillow.com/homedetails/456237859_zpid/,86.0,57.0,60.0,,61616.0,61061.0,19471.0,10822.0,10762.0,26817.0,4,15265.25,0.6429590886888494,24.6464,,0.4868865229810439,-122.5
10203 Tabor St #2,Los Angeles,CA,90034,2295.0,1.0,1.0,700.0,1970-01-01,34.02604,-118.405495,https://www.zillow.com/homedetails/2088751006_zpid/,88.0,61.0,87.0,,88490.0,53321.0,25577.0,5050.0,10840.0,13887.0,5,10664.2,0.6517780995083579,38.55773420479303,3.2785714285714285,0.3112216069612386,-327.5
11612 Culver Blvd #401,Los Angeles,CA,90066,2900.0,1.0,1.0,750.0,1970-01-01,33.998974,-118.41408,https://www.zillow.com/homedetails/2068748898_zpid/,82.0,50.0,83.0,,90983.0,54913.0,33260.0,2742.0,7985.0,14950.0,4,13728.25,0.53538786430103,31.373448275862067,3.8666666666666667,0.38248903641339593,277.5
9949 Pinewood Ave #2,Tujunga,CA,91042,1800.0,1.0,1.0,,1970-01-01,34.249424,-118.2862,https://www.zillow.com/homedetails/349360936_zpid/,86.0,31.0,38.0,,73115.0,26686.0,19149.0,322.0,2292.0,6687.0,1,26686.0,0.4147841733651893,40.61944444444445,,0.29542501538671956,-822.5
6041 Fulton Ave APT 101,Van Nuys,CA,91401,2595.0,2.0,2.0,861.0,1970-01-01,34.180458,-118.4229,https://www.zillow.com/homedetails/2124173776_zpid/,56.0,49.0,62.0,,65458.0,38974.0,22272.0,2175.0,1957.0,16550.0,3,12991.333333333334,0.4874792876129392,25.22466281310212,3.013937282229965,0.475724892297351,-27.5
5921 Whitsett Ave APT 101,Valley Village,CA,91607,1895.0,1.0,1.0,700.0,1970-01-01,34.17813,-118.40592,https://www.zillow.com/homedetails/2054613759_zpid/,80.0,45.0,62.0,,80871.0,30921.0,20505.0,2208.0,2236.0,6657.0,1,30921.0,0.5035649588130682,42.67598944591029,2.7071428571428573,0.2811885595578143,-727.5
937 Hyperion Ave APT 2,Los Angeles,CA,90029,2229.0,1.0,1.0,,1970-01-01,34.088703,-118.28189,https://www.zillow.com/homedetails/2085892416_zpid/,90.0,66.0,64.0,,50822.0,35037.0,11945.0,1372.0,5524.0,18749.0,4,8759.25,0.5710258321309525,22.800358905338715,,0.5263075046239818,-393.5
2727 Butler Ave,Los Angeles,CA,90064,5495.0,3.0,1.0,,1970-01-01,34.027122,-118.4361,https://www.zillow.com/homedetails/20463906_zpid/,71.0,62.0,72.0,,109357.0,25161.0,15722.0,605.0,5149.0,3631.0,2,12580.5,0.546272948517339,19.90118289353958,,0.602979233153799,2872.5
7718 Avalon Blvd #7722,Los Angeles,CA,90003,1993.0,2.0,1.0,613.0,1970-01-01,33.968655,-118.26485,https://www.zillow.com/homedetails/2057307844_zpid/,64.0,61.0,64.0,,47733.0,75190.0,16669.0,12865.0,384.0,60929.0,1,75190.0,0.264910631241923,23.950326141495232,3.2512234910277327,0.5010370184149331,-629.5
19816 Needles St,Chatsworth,CA,91311,6000.0,5.0,3.0,2402.0,1970-01-01,34.246613,-118.56528,https://www.zillow.com/homedetails/20174279_zpid/,32.0,35.0,46.0,,101623.0,41188.0,21496.0,2894.0,6750.0,12351.0,1,41188.0,0.6059050232330152,16.937166666666666,2.4979184013322233,0.7085010283105203,3377.5
4214 Montclair St UNIT 5,Los Angeles,CA,90018,1980.0,1.0,1.0,500.0,1970-01-01,34.03151,-118.332275,https://www.zillow.com/homedetails/2061759157_zpid/,80.0,50.0,48.0,,55275.0,51388.0,14335.0,14408.0,2765.0,29230.0,2,25694.0,0.5171325797072005,27.916666666666668,3.96,0.4298507462686567,-642.5
1154 S Barrington Ave APT 117,Los Angeles,CA,90049,3000.0,1.0,1.0,880.0,1970-01-01,34.0503,-118.46119,https://www.zillow.com/homedetails/79804032_zpid/,90.0,64.0,68.0,,143000.0,35853.0,29244.0,480.0,2546.0,2825.0,4,8963.25,0.3232618441304684,47.66666666666666,3.409090909090909,0.2517482517482518,377.5
7439 Irondale Ave,Winnetka,CA,91306,4000.0,3.0,2.0,1588.0,1970-01-01,34.20588,-118.5855,https://www.zillow.com/homedetails/19911793_zpid/,60.0,43.0,52.0,,77597.0,49260.0,17687.0,1824.0,9074.0,24072.0,4,12315.0,0.596976541898457,19.39925,2.5188916876574305,0.6185806152299702,1377.5
1886 Preston Ave,Los Angeles,CA,90026,5599.0,4.0,2.0,1500.0,1970-01-01,34.086216,-118.25299,https://www.zillow.com/homedetails/20742645_zpid/,76.0,45.0,34.0,,70436.0,65921.0,26122.0,2279.0,9800.0,32695.0,3,21973.666666666668,0.5736917741990324,12.580103589926772,3.732666666666667,0.9538872167641547,2976.5
169 Huron St #4A,Brooklyn,NY,11222,4750.0,1.0,1.0,,1970-01-01,40.73318,-73.95442,https://www.zillow.com/homedetails/338824907_zpid/,97.0,85.0,95.0,,110385.0,39669.0,31132.0,1416.0,1595.0,5693.0,3,13223.0,0.3606114304559635,23.23894736842105,,0.5163745074058975,2127.5
437 Arlene St,Staten Island,NY,10314,4500.0,3.0,3.0,2916.0,1970-01-01,40.60721,-74.16528,https://www.zillow.com/homedetails/32310708_zpid/,82.0,59.0,67.0,,94578.0,93736.0,64563.0,3716.0,16710.0,14198.0,2,46868.0,0.4692960798979072,21.017333333333333,1.5432098765432098,0.57095730508152,1877.5
1014 Park Pl #1E,Brooklyn,NY,11213,3100.0,3.0,1.0,,1970-01-01,40.67279,-73.94392,https://www.zillow.com/homedetails/2076805603_zpid/,90.0,100.0,94.0,,48896.0,69392.0,16573.0,44558.0,1251.0,8266.0,1,69392.0,0.5161265536407293,15.772903225806452,,0.7607984293193717,477.5
103 2nd Ave #4L,New York,NY,10003,3850.0,1.0,1.0,,1970-01-01,40.727634,-73.988785,https://www.zillow.com/homedetails/456245516_zpid/,100.0,100.0,97.0,,137533.0,54447.0,38481.0,2823.0,9110.0,4378.0,4,13611.75,0.4633399708744259,35.722857142857144,,0.33591937934895627,1227.5
351 Grove St #PENTHOUSE,Brooklyn,NY,11237,3200.0,1.0,2.0,,1970-01-01,40.700115,-73.91434,https://www.zillow.com/homedetails/456245514_zpid/,99.0,100.0,89.0,,65908.0,50590.0,16855.0,5681.0,3290.0,29698.0,2,25295.0,0.5275515315794675,20.59625,,0.5826303331917217,577.5
192 22nd St #3R,Brooklyn,NY,11232,2500.0,1.0,1.0,,1970-01-01,40.661606,-73.99581,https://www.zillow.com/homedetails/2066422746_zpid/,95.0,100.0,72.0,,77031.0,28501.0,11831.0,2299.0,4604.0,14318.0,3,9500.333333333334,0.5427099587437878,30.8124,,0.3894535966039646,-122.5
648 9th Ave APT 4FS,New York,NY,10036,3400.0,2.0,1.0,,1970-01-01,40.76051,-73.990715,https://www.zillow.com/homedetails/2054437937_zpid/,100.0,100.0,95.0,,98177.0,30437.0,18141.0,2288.0,5116.0,6001.0,2,15218.5,0.5719866287550401,28.87558823529412,,0.4155759495604877,777.5
455 Pulaski St #2,Brooklyn,NY,11221,3000.0,3.0,1.0,,1970-01-01,40.694565,-73.932175,https://www.zillow.com/homedetails/2108426995_zpid/,97.0,97.0,79.0,,66923.0,89728.0,21971.0,38446.0,3972.0,29046.0,6,14954.666666666666,0.649704790839538,22.307666666666663,,0.5379316527950032,377.5
163 Court St #2A,Brooklyn,NY,11201,4000.0,1.0,1.0,,1970-01-01,40.68863,-73.992546,https://www.zillow.com/homedetails/2075638888_zpid/,100.0,100.0,94.0,,148282.0,68777.0,42126.0,8999.0,9532.0,8132.0,1,68777.0,0.5745342469865988,37.0705,,0.32370753024642235,1377.5
325 W 42nd St #3W,New York,NY,10036,4200.0,3.0,1.0,,1970-01-01,40.757988,-73.990845,https://www.zillow.com/homedetails/2056442367_zpid/,99.0,100.0,92.0,,98177.0,30437.0,18141.0,2288.0,5116.0,6001.0,2,15218.5,0.5719866287550401,23.375476190476192,,0.5133585259276613,1577.5
245 E 62nd St APT 17,New York,NY,10065,3350.0,1.0,1.0,,1970-01-01,40.76293,-73.96344,https://www.zillow.com/homedetails/2116923976_zpid/,99.0,100.0,81.0,,152335.0,31270.0,24949.0,647.0,4304.0,2574.0,1,31270.0,0.3372749510668144,45.473134328358206,,0.2638920799553615,727.5
1719 E 8th St #2D,Brooklyn,NY,11223,2575.0,2.0,1.0,,1970-01-01,40.607048,-73.96444,https://www.zillow.com/homedetails/456245513_zpid/,95.0,95.0,73.0,,57281.0,83565.0,44906.0,5013.0,21598.0,11222.0,3,27855.0,0.622791824081772,22.24504854368932,,0.5394458895619839,-47.5
255 W 88th St APT 8B,New York,NY,10024,11495.0,3.0,3.0,,1970-01-01,40.78985,-73.97586,https://www.zillow.com/homedetails/2096833283_zpid/,99.0,100.0,84.0,,153177.0,63916.0,52190.0,1834.0,3588.0,7446.0,2,31958.0,0.315715597268696,13.325532840365376,,0.9005268414970916,8872.5
862 E 35th St #4-A,Brooklyn,NY,11210,3500.0,3.0,2.0,1100.0,1970-01-01,40.633682,-73.9432,https://www.zillow.com/homedetails/456245495_zpid/,87.0,98.0,56.0,,77378.0,65854.0,21344.0,35066.0,3177.0,4684.0,2,32927.0,0.6040297116864756,22.108,3.1818181818181817,0.5427899402931066,877.5
1557 Fulton St #3F,Brooklyn,NY,11216,2890.0,1.0,1.0,,1970-01-01,40.679943,-73.939026,https://www.zillow.com/homedetails/447109542_zpid/,96.0,100.0,80.0,,84661.0,62210.0,21074.0,30187.0,2873.0,7961.0,1,62210.0,0.6312741382028365,29.294463667820068,,0.4096337156423855,267.5
1969 McGraw Ave APT 4A,Bronx,NY,10462,2400.0,1.0,1.0,656.0,1970-01-01,40.83478,-73.8604,https://www.zillow.com/homedetails/29802915_zpid/,97.0,93.0,52.0,,59032.0,78470.0,15172.0,20127.0,11680.0,37603.0,1,78470.0,0.6450378880958794,24.596666666666668,3.658536585365854,0.4878709852283507,-222.5
455 E 116th St APT 24,New York,NY,10029,3895.0,3.0,1.0,800.0,1970-01-01,40.79537,-73.93322,https://www.zillow.com/homedetails/443815489_zpid/,92.0,100.0,83.0,,33901.0,77661.0,21361.0,23610.0,8336.0,35569.0,1,77661.0,0.6106322061350236,8.70372272143774,4.86875,1.3787203917288575,1272.5
155 W 81st St APT 2A,New York,NY,10024,3800.0,1.0,1.0,,1970-01-01,40.784172,-73.97608,https://www.zillow.com/homedetails/2097409496_zpid/,97.0,100.0,86.0,,153177.0,63916.0,52190.0,1834.0,3588.0,7446.0,2,31958.0,0.315715597268696,40.30973684210527,,0.2976948236354022,1177.5
2263 West St #GF,Brooklyn,NY,11223,2749.0,2.0,1.0,1200.0,1970-01-01,40.593594,-73.97051,https://www.zillow.com/homedetails/456245482_zpid/,94.0,93.0,73.0,,57281.0,83565.0,44906.0,5013.0,21598.0,11222.0,3,27855.0,0.622791824081772,20.837031647871957,2.2908333333333335,0.57589776714792,126.5
2203 E 15th St,Brooklyn,NY,11229,2700.0,3.0,1.0,750.0,1970-01-01,40.596535,-73.95584,https://www.zillow.com/homedetails/456245484_zpid/,96.0,83.0,60.0,,69076.0,85538.0,53999.0,5020.0,20037.0,7834.0,1,85538.0,0.5347735559277135,25.583703703703705,3.6,0.4690485841681626,77.5
365 6th Ave #2F,Brooklyn,NY,11215,4999.0,3.0,1.0,1500.0,1970-01-01,40.670242,-73.98176,https://www.zillow.com/homedetails/456245469_zpid/,94.0,100.0,85.0,,156930.0,73419.0,53594.0,2734.0,6665.0,11968.0,3,24473.0,0.4309373063310318,31.392278455691137,3.332666666666667,0.3822596061938444,2376.5
1623 3rd Ave APT 24C,New York,NY,10128,4950.0,1.0,1.0,820.0,1970-01-01,40.782013,-73.95067,https://www.zillow.com/homedetails/61969148_zpid/,100.0,100.0,71.0,,127919.0,58147.0,42660.0,2985.0,5736.0,7543.0,2,29073.5,0.4325517300501932,25.842222222222222,6.036585365853658,0.46435635050305274,2327.5
6516 Ocean Ave N #2,Arverne,NY,11692,3200.0,3.0,2.0,,1970-01-01,40.58973,-73.794624,https://www.zillow.com/homedetails/2103897528_zpid/,77.0,73.0,71.0,,53498.0,24639.0,4882.0,13798.0,1407.0,6084.0,1,24639.0,0.5828996193075413,16.718125,,0.7177838423866313,577.5
137 21st St APT 1F,Brooklyn,NY,11232,5800.0,4.0,4.0,,1970-01-01,40.663704,-73.99687,https://www.zillow.com/homedetails/2084390919_zpid/,95.0,100.0,73.0,,77031.0,28501.0,11831.0,2299.0,4604.0,14318.0,3,9500.333333333334,0.5427099587437878,13.281206896551724,,0.903532344121198,3177.5
246 Patchen Ave #3,Brooklyn,NY,11233,3050.0,2.0,1.0,800.0,1970-01-01,40.682163,-73.92618,https://www.zillow.com/homedetails/2054296820_zpid/,89.0,98.0,68.0,,52380.0,85633.0,11760.0,61404.0,1193.0,13657.0,2,42816.5,0.4413364595056027,17.17377049180328,3.8125,0.6987399770904925,427.5
225 19th St #1,Brooklyn,NY,11232,2500.0,1.0,1.0,800.0,1970-01-01,40.662983,-73.99265,https://www.zillow.com/homedetails/2098234725_zpid/,98.0,100.0,85.0,,77031.0,28501.0,11831.0,2299.0,4604.0,14318.0,3,9500.333333333334,0.5427099587437878,30.8124,3.125,0.3894535966039646,-122.5
747 E 133rd St #4A,Bronx,NY,10454,2350.0,1.0,1.0,,1970-01-01,40.80151,-73.914314,https://www.zillow.com/homedetails/2079831810_zpid/,76.0,82.0,78.0,,21846.0,38908.0,6089.0,12532.0,66.0,27134.0,1,38908.0,0.3854106850492274,9.296170212765958,,1.2908541609447954,-272.5
18230 Wexford Ter #4AA,Jamaica,NY,11432,2100.0,1.0,1.0,815.0,1970-01-01,40.71456,-73.780075,https://www.zillow.com/homedetails/2098375888_zpid/,90.0,100.0,43.0,,66246.0,64858.0,10416.0,10635.0,28371.0,13958.0,1,64858.0,0.709659284930175,31.545714285714286,2.576687116564417,0.38040032605742236,-522.5
2606 E 15th St #202,Brooklyn,NY,11235,2335.0,3.0,1.0,725.0,1970-01-01,40.587646,-73.954414,https://www.zillow.com/homedetails/456244952_zpid/,98.0,83.0,61.0,,58669.0,84859.0,62076.0,1914.0,10849.0,7652.0,1,84859.0,0.4398945787555225,25.12591006423983,3.220689655172414,0.4775946411222281,-287.5
349 E 12th St APT 5,New York,NY,10003,4695.0,3.0,1.0,,1970-01-01,40.730385,-73.98381,https://www.zillow.com/homedetails/2091890144_zpid/,100.0,100.0,98.0,,137533.0,54447.0,38481.0,2823.0,9110.0,4378.0,4,13611.75,0.4633399708744259,29.293503727369544,,0.4096471392320389,2072.5
206 W 109th St APT 2C,New York,NY,10025,4500.0,3.0,1.0,,1970-01-01,40.802464,-73.9651,https://www.zillow.com/homedetails/2104960552_zpid/,98.0,100.0,84.0,,103440.0,96918.0,59414.0,11148.0,9793.0,21794.0,2,48459.0,0.5501822445233782,22.986666666666668,,0.5220417633410673,1877.5
199 1st Ave APT 1,New York,NY,10003,5995.0,3.0,1.0,,1970-01-01,40.730278,-73.98369,https://www.zillow.com/homedetails/2100438882_zpid/,100.0,100.0,98.0,,137533.0,54447.0,38481.0,2823.0,9110.0,4378.0,4,13611.75,0.4633399708744259,22.941284403669727,,0.523074462129089,3372.5
20-47 42nd St #1A,Astoria,NY,11105,2300.0,1.0,1.0,,1970-01-01,40.77436,-73.90128,https://www.zillow.com/homedetails/456244727_zpid/,86.0,76.0,58.0,,93200.0,38311.0,27476.0,1233.0,3444.0,8262.0,2,19155.5,0.4300238503710513,40.52173913043478,,0.296137339055794,-322.5
61 Rivington St #4D,New York,NY,10002,18510.0,2.0,2.0,1200.0,1970-01-01,40.720474,-73.99034,https://www.zillow.com/homedetails/456244726_zpid/,100.0,100.0,96.0,,37093.0,76807.0,24687.0,6453.0,30288.0,19907.0,1,76807.0,0.6669544365622695,2.003943814154511,15.425,5.988191842126547,15887.5
1111 Adee Ave #2,Bronx,NY,10469,3100.0,3.0,3.0,1200.0,1970-01-01,40.869656,-73.855,https://www.zillow.com/homedetails/2093141054_zpid/,69.0,83.0,63.0,,70415.0,75290.0,11838.0,42738.0,4136.0,21288.0,1,75290.0,0.5700936450779658,22.71451612903226,2.5833333333333335,0.5282965277284669,477.5
20-42 Seagirt Blvd #5F,Far Rockaway,NY,11691,2079.0,1.0,1.0,756.0,1970-01-01,40.595894,-73.75653,https://www.zillow.com/homedetails/456243991_zpid/,73.0,73.0,62.0,,54877.0,70797.0,23157.0,31387.0,3048.0,17400.0,2,35398.5,0.634205506837007,26.3958633958634,2.75,0.45461668823004175,-543.5
2463 27th St APT 22,Astoria,NY,11102,2500.0,2.0,1.0,,1970-01-01,40.772446,-73.91922,https://www.zillow.com/homedetails/2093362367_zpid/,96.0,84.0,78.0,,95478.0,27876.0,15836.0,1947.0,4292.0,7198.0,2,13938.0,0.5820175816127346,38.1912,,0.31420850876641737,-122.5
20-55 Seagirt Blvd #4D,Far Rockaway,NY,11691,2171.0,1.0,1.0,696.0,1970-01-01,40.595024,-73.756935,https://www.zillow.com/homedetails/2077365432_zpid/,71.0,71.0,62.0,,54877.0,70797.0,23157.0,31387.0,3048.0,17400.0,2,35398.5,0.634205506837007,25.277291570704744,3.1192528735632186,0.47473440603531536,-451.5
143 Meserole St #PENTHOUSE 2,Brooklyn,NY,11206,3850.0,1.0,2.0,,1970-01-01,40.708244,-73.94382,https://www.zillow.com/homedetails/456243990_zpid/,95.0,100.0,92.0,,49013.0,90903.0,41946.0,20937.0,5475.0,32864.0,3,30301.0,0.5996973575168658,12.730649350649353,,0.9426070634321506,1227.5
30 Starr St APT 3F,Brooklyn,NY,11221,3295.0,2.0,1.0,,1970-01-01,40.700554,-73.927246,https://www.zillow.com/homedetails/2099030989_zpid/,97.0,99.0,92.0,,66923.0,89728.0,21971.0,38446.0,3972.0,29046.0,6,14954.666666666666,0.649704790839538,20.310470409711684,,0.5908282653198452,672.5
753 9th Ave APT 2B,New York,NY,10019,7500.0,2.0,1.0,,1970-01-01,40.76408,-73.988914,https://www.zillow.com/homedetails/2122815212_zpid/,100.0,100.0,94.0,,105538.0,43989.0,28545.0,2664.0,8249.0,7710.0,3,14663.0,0.5093600712378046,14.071733333333333,,0.8527734086300669,4877.5
172 E 7th St APT CS,New York,NY,10009,5850.0,3.0,1.0,,1970-01-01,40.725098,-73.98182,https://www.zillow.com/homedetails/2096755314_zpid/,100.0,100.0,99.0,,77551.0,60000.0,34924.0,4577.0,7995.0,14683.0,2,30000.0,0.5777374391666668,13.256581196581196,,0.9052107645291486,3227.5
41 Kosciuszko St APT 112,Brooklyn,NY,11205,3500.0,1.0,1.0,,1970-01-01,40.690605,-73.95355,https://www.zillow.com/homedetails/2098870388_zpid/,94.0,92.0,91.0,,68607.0,50681.0,27765.0,13159.0,3114.0,8107.0,1,50681.0,0.6030953303634965,19.602,,0.6121824303642486,877.5
171 Sackett St APT 3,Brooklyn,NY,11231,4500.0,2.0,1.0,,1970-01-01,40.6847,-74.00069,https://www.zillow.com/homedetails/2102826666_zpid/,96.0,100.0,94.0,,121638.0,40311.0,26885.0,5324.0,2029.0,6437.0,1,40311.0,0.5097160465722141,27.030666666666665,,0.44394021605090517,1877.5
150 N 12th St #2D,Brooklyn,NY,11249,8500.0,3.0,2.0,1355.0,1970-01-01,40.72107,-73.95596,https://www.zillow.com/homedetails/2055428699_zpid/,98.0,96.0,94.0,,105222.0,42421.0,30914.0,2452.0,2264.0,8438.0,1,42421.0,0.4231789656439443,12.379058823529412,6.273062730627307,0.9693790271996351,5877.5
886 Myrtle Ave APT 3A,Brooklyn,NY,11206,3050.0,1.0,1.0,,1970-01-01,40.695526,-73.946686,https://www.zillow.com/homedetails/83045669_zpid/,92.0,98.0,86.0,,49013.0,90903.0,41946.0,20937.0,5475.0,32864.0,3,30301.0,0.5996973575168658,16.06983606557377,,0.7467406606410544,427.5
30 E 29th St APT 12A,New York,NY,10016,15995.0,2.0,2.0,1416.0,1970-01-01,40.744164,-73.98472,https://www.zillow.com/homedetails/338595434_zpid/,100.0,100.0,89.0,,136431.0,56758.0,38463.0,2474.0,10060.0,6791.0,2,28379.0,0.4931369715908414,8.529603000937794,11.29590395480226,1.4068650086857093,13372.5
19672 69th Ave,Fresh Meadows,NY,11365,2800.0,2.0,1.0,800.0,1970-01-01,40.73721,-73.776344,https://www.zillow.com/homedetails/2140158159_zpid/,42.0,71.0,72.0,,73279.0,45439.0,13825.0,4693.0,19683.0,9277.0,1,45439.0,0.667439731145683,26.17107142857143,3.5,0.458521540959893,177.5
104-67 48th Ave FLOOR 2,Corona,NY,11368,3300.0,3.0,1.0,,1970-01-01,40.745884,-73.85694,https://www.zillow.com/homedetails/454796820_zpid/,94.0,84.0,80.0,,62254.0,116469.0,31219.0,10511.0,14504.0,88079.0,1,116469.0,0.3325938313559811,18.864848484848483,,0.6361037041796511,677.5
223 E 59th St APT 2,New York,NY,10022,4295.0,1.0,1.0,,1970-01-01,40.7613,-73.965385,https://www.zillow.com/homedetails/2058905110_zpid/,100.0,100.0,80.0,,156255.0,33303.0,27702.0,450.0,3433.0,3137.0,1,33303.0,0.2883988694192391,36.38067520372526,,0.32984544494576173,1672.5
102 41 188th St,Hollis,NY,11423,3600.0,3.0,1.0,,1970-01-01,40.706944,-73.76909,https://www.zillow.com/homedetails/2134610654_zpid/,70.0,84.0,50.0,,69386.0,30983.0,4339.0,10633.0,8809.0,5014.0,2,15491.5,0.7555839428845378,19.273888888888887,,0.6226039835125241,977.5
695 Knickerbocker Ave APT 2,Brooklyn,NY,11221,5250.0,4.0,2.0,,1970-01-01,40.694668,-73.91058,https://www.zillow.com/homedetails/456242932_zpid/,90.0,100.0,88.0,,66923.0,89728.0,21971.0,38446.0,3972.0,29046.0,6,14954.666666666666,0.649704790839538,12.747238095238096,,0.9413803923912556,2627.5
119 W 75th St,New York,NY,10023,4750.0,2.0,1.0,,1970-01-01,40.77998,-73.97824,https://www.zillow.com/homedetails/440053233_zpid/,99.0,100.0,89.0,,136109.0,65891.0,48380.0,3108.0,8331.0,5525.0,1,65891.0,0.435645436555954,28.654526315789475,,0.4187820055984542,2127.5
205 W 102nd St APT 3A,New York,NY,10025,2500.0,1.0,1.0,500.0,1970-01-01,40.798325,-73.968056,https://www.zillow.com/homedetails/456242945_zpid/,98.0,100.0,84.0,,103440.0,96918.0,59414.0,11148.0,9793.0,21794.0,2,48459.0,0.5501822445233782,41.376,5.0,0.2900232018561485,-122.5
16 E 18th St FL 3,New York,NY,10003,13000.0,3.0,3.0,2000.0,1970-01-01,40.737907,-73.99094,https://www.zillow.com/homedetails/2110566722_zpid/,100.0,100.0,91.0,,137533.0,54447.0,38481.0,2823.0,9110.0,4378.0,4,13611.75,0.4633399708744259,10.57946153846154,6.5,1.1342732289705015,10377.5
111 Jane St APT 5,New York,NY,10014,12500.0,2.0,2.0,2009.0,1970-01-01,40.738327,-74.00903,https://www.zillow.com/homedetails/2098156531_zpid/,99.0,100.0,95.0,,136559.0,29815.0,25507.0,539.0,1377.0,2629.0,2,14907.5,0.2578693434826407,10.92472,6.222000995520159,1.0984263212237935,9877.5
215 Franklin St #2A,Brooklyn,NY,11222,3499.0,2.0,1.0,,1970-01-01,40.734367,-73.958595,https://www.zillow.com/homedetails/456242733_zpid/,92.0,89.0,93.0,,110385.0,39669.0,31132.0,1416.0,1595.0,5693.0,3,13223.0,0.3606114304559635,31.54758502429265,,0.38037776871857587,876.5
422 Himrod St APT 2R,Brooklyn,NY,11237,3800.0,2.0,1.0,925.0,1970-01-01,40.70441,-73.91521,https://www.zillow.com/homedetails/2108882383_zpid/,94.0,99.0,87.0,,65908.0,50590.0,16855.0,5681.0,3290.0,29698.0,2,25295.0,0.5275515315794675,17.344210526315788,4.108108108108108,0.6918735206651696,1177.5
660 E 242nd St APT 2C,Bronx,NY,10470,1900.0,1.0,1.0,750.0,1970-01-01,40.90579,-73.85032,https://www.zillow.com/homedetails/456242735_zpid/,82.0,85.0,42.0,,70107.0,16446.0,7214.0,6143.0,559.0,3373.0,1,16446.0,0.6248474457046613,36.898421052631576,2.533333333333333,0.32521716804313405,-722.5
354 Ocean Ave #1P,Brooklyn,NY,11226,2900.0,3.0,1.0,,1970-01-01,40.654167,-73.96216,https://www.zillow.com/homedetails/456242720_zpid/,94.0,100.0,85.0,,66173.0,99776.0,15562.0,65416.0,2883.0,14778.0,2,49888.0,0.5230526818455317,22.818275862068965,,0.5258942468982818,277.5
266 W 25th St #3E,New York,NY,10001,8295.0,3.0,2.0,,1970-01-01,40.74607,-73.99696,https://www.zillow.com/homedetails/2079140997_zpid/,98.0,100.0,95.0,,101409.0,26966.0,16963.0,2117.0,4527.0,4973.0,1,26966.0,0.5359382758983573,12.225316455696202,,0.9815696831642162,5672.5
5 Court Sq W #6A,Long Island City,NY,11101,6500.0,2.0,2.0,903.0,1970-01-01,40.74667,-73.94277,https://www.zillow.com/homedetails/2066781275_zpid/,97.0,100.0,83.0,,98920.0,33789.0,14126.0,4214.0,9413.0,7038.0,1,33789.0,0.688674110446904,15.218461538461538,7.198228128460687,0.7885159725030327,3877.5
508 E 12th St #5C,New York,NY,10009,6750.0,3.0,1.0,,1970-01-01,40.72864,-73.98086,https://www.zillow.com/homedetails/456242719_zpid/,100.0,100.0,99.0,,77551.0,60000.0,34924.0,4577.0,7995.0,14683.0,2,30000.0,0.5777374391666668,11.489037037037036,,1.0444739590720944,4127.5
631 Carroll St APT 2,Brooklyn,NY,11215,4100.0,2.0,1.0,900.0,1970-01-01,40.674965,-73.98024,https://www.zillow.com/homedetails/2103116365_zpid/,98.0,100.0,91.0,,156930.0,73419.0,53594.0,2734.0,6665.0,11968.0,3,24473.0,0.4309373063310318,38.27560975609756,4.555555555555555,0.3135155801949914,1477.5
24 King St APT 12,New York,NY,10014,3750.0,1.0,1.0,,1970-01-01,40.727497,-74.003746,https://www.zillow.com/homedetails/2114183102_zpid/,100.0,100.0,96.0,,136559.0,29815.0,25507.0,539.0,1377.0,2629.0,2,14907.5,0.2578693434826407,36.415733333333336,,0.32952789636713803,1127.5
2203 Clarendon Rd #2D,Brooklyn,NY,11226,1850.0,1.0,1.0,,1970-01-01,40.643078,-73.95627,https://www.zillow.com/homedetails/2063374617_zpid/,93.0,100.0,80.0,,66173.0,99776.0,15562.0,65416.0,2883.0,14778.0,2,49888.0,0.5230526818455317,35.76918918918919,,0.3354842609523522,-772.5
225 Winthrop St #1B,Brooklyn,NY,11225,2695.0,3.0,2.0,,1970-01-01,40.65717,-73.952644,https://www.zillow.com/homedetails/2078413923_zpid/,91.0,100.0,80.0,,68542.0,59465.0,18424.0,33595.0,1630.0,6146.0,2,29732.5,0.5733989724755651,25.433024118738405,,0.47182749263225465,72.5
186 Prospect Park W APT D1,Brooklyn,NY,11215,4050.0,1.0,1.0,,1970-01-01,40.66184,-73.979546,https://www.zillow.com/homedetails/79709032_zpid/,95.0,100.0,88.0,,156930.0,73419.0,53594.0,2734.0,6665.0,11968.0,3,24473.0,0.4309373063310318,38.74814814814815,,0.30969221946090614,1427.5
414 Kosciuszko St #1,Brooklyn,NY,11221,2500.0,1.0,1.0,,1970-01-01,40.69196,-73.93775,https://www.zillow.com/homedetails/456242707_zpid/,89.0,98.0,81.0,,66923.0,89728.0,21971.0,38446.0,3972.0,29046.0,6,14954.666666666666,0.649704790839538,26.7692,,0.44827637732916936,-122.5
3214 30th Ave APT 4A,Astoria,NY,11102,3500.0,1.0,1.0,,1970-01-01,40.76652,-73.92058,https://www.zillow.com/homedetails/2105834337_zpid/,100.0,84.0,77.0,,95478.0,27876.0,15836.0,1947.0,4292.0,7198.0,2,13938.0,0.5820175816127346,27.27942857142857,,0.43989191227298435,877.5
401 E 81st St APT 3F,New York,NY,10028,5875.0,2.0,1.0,,1970-01-01,40.773643,-73.95144,https://www.zillow.com/homedetails/2113643249_zpid/,98.0,100.0,85.0,,149789.0,47793.0,41401.0,636.0,3632.0,3612.0,1,47793.0,0.237935609868209,25.496,,0.4706620646375902,3252.5
2773 Bedford Ave,Brooklyn,NY,11210,6000.0,3.0,4.0,2436.0,1970-01-01,40.635067,-73.95296,https://www.zillow.com/homedetails/30670203_zpid/,87.0,100.0,71.0,,77378.0,65854.0,21344.0,35066.0,3177.0,4684.0,2,32927.0,0.6040297116864756,12.896333333333333,2.4630541871921183,0.9304970405024684,3377.5
21-70 Crescent St #C5,Astoria,NY,11105,2300.0,1.0,1.0,,1970-01-01,40.779278,-73.91417,https://www.zillow.com/homedetails/442146806_zpid/,76.0,79.0,71.0,,93200.0,38311.0,27476.0,1233.0,3444.0,8262.0,2,19155.5,0.4300238503710513,40.52173913043478,,0.296137339055794,-322.5
383 Bainbridge St #1,Brooklyn,NY,11233,5775.0,3.0,4.0,2000.0,1970-01-01,40.682312,-73.9214,https://www.zillow.com/homedetails/2080723759_zpid/,90.0,100.0,65.0,,52380.0,85633.0,11760.0,61404.0,1193.0,13657.0,2,42816.5,0.4413364595056027,9.07012987012987,2.8875,1.3230240549828178,3152.5
752 9th Ave APT 3R,New York,NY,10019,4000.0,2.0,1.0,,1970-01-01,40.76376,-73.98834,https://www.zillow.com/homedetails/2093142720_zpid/,100.0,100.0,94.0,,105538.0,43989.0,28545.0,2664.0,8249.0,7710.0,3,14663.0,0.5093600712378046,26.3845,,0.45481248460270235,1377.5
924 Metropolitan Ave APT 503,Brooklyn,NY,11211,5590.0,2.0,1.0,,1970-01-01,40.71434,-73.93811,https://www.zillow.com/homedetails/2111983061_zpid/,92.0,88.0,90.0,,89091.0,65925.0,44335.0,3742.0,4024.0,17433.0,3,21975.0,0.4708603397093001,15.937567084078712,,0.7529380072061151,2967.5
2470 W 1st St APT 6K,Brooklyn,NY,11223,1955.0,1.0,1.0,,1970-01-01,40.588978,-73.97128,https://www.zillow.com/homedetails/2069190603_zpid/,92.0,93.0,69.0,,57281.0,83565.0,44906.0,5013.0,21598.0,11222.0,3,27855.0,0.622791824081772,29.2997442455243,,0.40955988896841883,-667.5
325 Sharrott Ave #1,Staten Island,NY,10309,5500.0,4.0,3.0,3000.0,1970-01-01,40.515335,-74.21179,https://www.zillow.com/homedetails/456242652_zpid/,39.0,55.0,48.0,,107500.0,35832.0,32925.0,225.0,1088.0,2813.0,1,35832.0,0.148550879427106,19.545454545454547,1.8333333333333333,0.6139534883720931,2877.5
223 E 32nd St #BW,New York,NY,10016,2675.0,1.0,1.0,,1970-01-01,40.744164,-73.97783,https://www.zillow.com/homedetails/343051284_zpid/,100.0,100.0,86.0,,136431.0,56758.0,38463.0,2474.0,10060.0,6791.0,2,28379.0,0.4931369715908414,51.0022429906542,,0.23528376981771004,52.5
51 Berriman St #2,Brooklyn,NY,11208,1999.0,1.0,1.0,,1970-01-01,40.67766,-73.88053,https://www.zillow.com/homedetails/449319531_zpid/,82.0,93.0,59.0,,49679.0,107724.0,24195.0,54516.0,7481.0,43708.0,1,107724.0,0.5239979437023663,24.85192596298149,,0.48285996094929445,-623.5
80-15 Grenfell St #E24,Kew Gardens,NY,11415,2275.0,1.0,1.0,,1970-01-01,40.71187,-73.83437,https://www.zillow.com/homedetails/456241926_zpid/,83.0,100.0,48.0,,80360.0,20351.0,11173.0,1621.0,4126.0,4821.0,1,20351.0,0.5950159584554688,35.323076923076925,,0.3397212543554007,-347.5
992 Willoughby Ave APT 3L,Brooklyn,NY,11221,3200.0,2.0,1.0,,1970-01-01,40.698418,-73.929245,https://www.zillow.com/homedetails/2084105096_zpid/,96.0,99.0,89.0,,66923.0,89728.0,21971.0,38446.0,3972.0,29046.0,6,14954.666666666666,0.649704790839538,20.9134375,,0.5737937629813368,577.5
601 W 137th St #2C,New York,NY,10031,6200.0,4.0,2.0,,1970-01-01,40.82166,-73.95449,https://www.zillow.com/homedetails/456241901_zpid/,97.0,100.0,70.0,,57180.0,61801.0,16316.0,17443.0,2708.0,31354.0,1,61801.0,0.5913254541695572,9.22258064516129,,1.3011542497376705,3577.5
168 W 130th St #1,New York,NY,10027,3295.0,1.0,2.0,,1970-01-01,40.811707,-73.94559,https://www.zillow.com/homedetails/2077741924_zpid/,98.0,100.0,72.0,,58435.0,65840.0,19727.0,24465.0,5701.0,16970.0,1,65840.0,0.6982234042189985,17.734446130500757,,0.6766492684179002,672.5
365 Rutland Rd #2R,Brooklyn,NY,11225,4999.0,4.0,2.0,1250.0,1970-01-01,40.659737,-73.94872,https://www.zillow.com/homedetails/456081758_zpid/,95.0,99.0,76.0,,68542.0,59465.0,18424.0,33595.0,1630.0,6146.0,2,29732.5,0.5733989724755651,13.71114222844569,3.9992,0.8752006069271395,2376.5
1358 Sheridan Ave #4B,Bronx,NY,10456,1995.0,1.0,3.0,,1970-01-01,40.83752,-73.9131,https://www.zillow.com/homedetails/456241866_zpid/,92.0,100.0,65.0,,31166.0,90314.0,11085.0,43434.0,638.0,52202.0,1,90314.0,0.4195087862362517,15.622055137844612,,0.7681447731502278,-627.5
8719 144th St #1,Jamaica,NY,11435,4000.0,4.0,3.0,,1970-01-01,40.70649,-73.81181,https://www.zillow.com/homedetails/456241639_zpid/,90.0,100.0,51.0,,71346.0,60842.0,10036.0,15241.0,13064.0,18919.0,1,60842.0,0.7672435266736797,17.8365,,0.672777731057102,1377.5
9405 35th Ave APT B1,Jackson Heights,NY,11372,2350.0,1.0,1.0,850.0,1970-01-01,40.75324,-73.87325,https://www.zillow.com/homedetails/2109545498_zpid/,95.0,92.0,81.0,,62910.0,67252.0,28687.0,2437.0,14582.0,35999.0,1,67252.0,0.4831897538228522,26.77021276595745,2.764705882352941,0.4482594182164998,-272.5
183 Kiswick St,Staten Island,NY,10306,3500.0,4.0,3.0,1512.0,1970-01-01,40.57474,-74.096,https://www.zillow.com/homedetails/32332646_zpid/,73.0,64.0,62.0,,88687.0,55805.0,42275.0,2465.0,5757.0,8902.0,1,55805.0,0.3880798562898068,25.339142857142857,2.314814814814815,0.4735756086010351,877.5
91-35 195th St,Hollis,NY,11423,1950.0,1.0,1.0,750.0,1970-01-01,40.71226,-73.76545,https://www.zillow.com/homedetails/441948731_zpid/,81.0,85.0,50.0,,69386.0,30983.0,4339.0,10633.0,8809.0,5014.0,2,15491.5,0.7555839428845378,35.5825641025641,2.6,0.33724382440261724,-672.5
140 Van Cortlandt Ave #7N,Bronx,NY,10463,2250.0,1.0,1.0,,1970-01-01,40.88501,-73.89444,https://www.zillow.com/homedetails/2068720085_zpid/,88.0,97.0,59.0,,63048.0,73256.0,32415.0,11915.0,2740.0,37727.0,1,73256.0,0.5111223030381673,28.02133333333333,,0.42824514655500573,-372.5
6801 Bay Pkwy APT 6A,Brooklyn,NY,11204,1750.0,1.0,1.0,,1970-01-01,40.611374,-73.98336,https://www.zillow.com/homedetails/2081010593_zpid/,95.0,90.0,63.0,,58850.0,82140.0,45476.0,801.0,24962.0,10625.0,1,82140.0,0.5843028418227321,33.628571428571426,,0.356839422259983,-872.5
32-30 93rd St #C14,East Elmhurst,NY,11369,2100.0,1.0,1.0,,1970-01-01,40.75771,-73.87546,https://www.zillow.com/homedetails/456240920_zpid/,93.0,80.0,83.0,,66132.0,31550.0,7895.0,5823.0,5067.0,17659.0,1,31550.0,0.564243485424238,31.49142857142857,,0.38105606967882416,-522.5
312 S 3rd St APT 4,Brooklyn,NY,11211,3000.0,1.0,1.0,,1970-01-01,40.7095,-73.95491,https://www.zillow.com/homedetails/456240915_zpid/,99.0,100.0,93.0,,89091.0,65925.0,44335.0,3742.0,4024.0,17433.0,3,21975.0,0.4708603397093001,29.697,,0.4040812203252854,377.5
163 E 92nd St APT 5,New York,NY,10128,3850.0,2.0,1.0,,1970-01-01,40.783115,-73.95176,https://www.zillow.com/homedetails/2125983094_zpid/,100.0,100.0,73.0,,127919.0,58147.0,42660.0,2985.0,5736.0,7543.0,2,29073.5,0.4325517300501932,33.22571428571428,,0.3611660503912632,1227.5
325 W 52nd St PENTHOUSE E,New York,NY,10019,9700.0,2.0,3.0,1796.0,1970-01-01,40.76411,-73.986275,https://www.zillow.com/homedetails/2057155125_zpid/,99.0,100.0,92.0,,105538.0,43989.0,28545.0,2664.0,8249.0,7710.0,3,14663.0,0.5093600712378046,10.88020618556701,5.400890868596882,1.1029202751615532,7077.5
174 N 6th St #3B,Brooklyn,NY,11211,5400.0,1.0,1.0,,1970-01-01,40.71683,-73.95805,https://www.zillow.com/homedetails/351573423_zpid/,99.0,100.0,93.0,,89091.0,65925.0,44335.0,3742.0,4024.0,17433.0,3,21975.0,0.4708603397093001,16.498333333333335,,0.7273461965855137,2777.5
911 Greene Ave APT 1,Brooklyn,NY,11221,2800.0,1.0,1.0,725.0,1970-01-01,40.690937,-73.93111,https://www.zillow.com/homedetails/456240719_zpid/,90.0,93.0,71.0,,66923.0,89728.0,21971.0,38446.0,3972.0,29046.0,6,14954.666666666666,0.649704790839538,23.901071428571427,3.8620689655172415,0.5020695426086697,177.5
269 Saint James Pl #2,Brooklyn,NY,11238,7500.0,4.0,3.0,1800.0,1970-01-01,40.681324,-73.96306,https://www.zillow.com/homedetails/2109299702_zpid/,98.0,100.0,90.0,,114427.0,58597.0,30572.0,17431.0,3658.0,6620.0,1,58597.0,0.6226441240055804,15.256933333333333,4.166666666666667,0.786527655186276,4877.5
756 Myrtle Ave APT 2H,Brooklyn,NY,11206,4800.0,3.0,2.0,1000.0,1970-01-01,40.694862,-73.95246,https://www.zillow.com/homedetails/2133851768_zpid/,95.0,93.0,90.0,,49013.0,90903.0,41946.0,20937.0,5475.0,32864.0,3,30301.0,0.5996973575168658,10.211041666666668,4.8,1.1751984167465774,2177.5
627 Morgan Ave APT 9,Brooklyn,NY,11222,2500.0,1.0,1.0,,1970-01-01,40.725834,-73.939926,https://www.zillow.com/homedetails/456240712_zpid/,81.0,61.0,78.0,,110385.0,39669.0,31132.0,1416.0,1595.0,5693.0,3,13223.0,0.3606114304559635,44.154,,0.2717760565294198,-122.5
